season,rank,player_id,player,age,team,position,games,games_started,minutes_per_game,field_goals_made,field_goal_attempts,field_goal_pct,three_pointers_made,three_point_attempts,three_point_pct,two_pointers_made,two_point_attempts,two_point_pct,effective_field_goal_pct,free_throws_made,free_throw_attempts,free_throw_pct,offensive_rebounds,defensive_rebounds,total_rebounds,assists,steals,blocks,turnovers,personal_fouls,points,awards,is_multi_team_total
2024-25,1,gilgesh01,Shai Gilgeous-Alexander,26,OKC,PG,76,76,34.2,11.3,21.8,0.519,2.1,5.7,0.375,9.2,16.1,0.571,0.569,7.9,8.8,0.898,0.9,4.1,5,6.4,1.7,1,2.4,2.2,32.7,MVP-1DPOY-10CPOY-8ASNBA1,FALSE
2024-25,2,antetgi01,Giannis Antetokounmpo,30,MIL,PF,67,67,34.2,11.8,19.7,0.601,0.2,0.9,0.222,11.6,18.7,0.62,0.607,6.5,10.6,0.617,2.2,9.7,11.9,6.5,0.9,1.2,3.1,2.3,30.4,MVP-3DPOY-8ASNBA1,FALSE
2024-25,3,jokicni01,Nikola Jokić,29,DEN,C,70,70,36.7,11.2,19.5,0.576,2,4.7,0.417,9.3,14.8,0.627,0.627,5.2,6.4,0.8,2.9,9.9,12.7,10.2,1.8,0.6,3.3,2.3,29.6,MVP-2CPOY-2ASNBA1,FALSE
2024-25,4,doncilu01,Luka Dončić,25,2TM,PG,50,50,35.4,9.2,20.5,0.45,3.5,9.6,0.368,5.7,10.9,0.522,0.536,6.2,7.9,0.782,0.8,7.4,8.2,7.7,1.8,0.4,3.6,2.5,28.2,,TRUE
2024-25,5,edwaran01,Anthony Edwards,23,MIN,SG,79,79,36.3,9.1,20.4,0.447,4.1,10.3,0.395,5.1,10.1,0.501,0.547,5.3,6.3,0.837,0.8,4.9,5.7,4.5,1.2,0.6,3.2,1.9,27.6,MVP-7CPOY-3ASNBA2,FALSE
2024-25,6,tatumja01,Jayson Tatum,26,BOS,PF,72,72,36.4,9.2,20.3,0.452,3.5,10.1,0.343,5.7,10.2,0.559,0.537,5,6.1,0.814,0.7,8,8.7,6,1.1,0.5,2.9,2.2,26.8,MVP-4CPOY-10ASNBA1,FALSE
2024-25,7,duranke01,Kevin Durant,36,PHO,PF,62,62,36.5,9.5,18.1,0.527,2.6,6,0.43,7,12.1,0.574,0.598,4.9,5.8,0.839,0.4,5.7,6,4.2,0.8,1.2,3.1,1.7,26.6,AS,FALSE
2024-25,8,maxeyty01,Tyrese Maxey,24,PHI,PG,52,52,37.7,9.2,21,0.437,3.1,9.2,0.337,6.1,11.8,0.515,0.511,4.9,5.6,0.879,0.3,3.1,3.3,6.1,1.8,0.4,2.4,2.2,26.3,CPOY-10,FALSE
2024-25,9,cunnica01,Cade Cunningham,23,DET,PG,70,70,35,9.8,20.8,0.469,2.1,6,0.356,7.6,14.8,0.515,0.521,4.5,5.3,0.846,0.8,5.3,6.1,9.1,1,0.8,4.4,2.8,26.1,MVP-7ASNBA3,FALSE
2024-25,10,brunsja01,Jalen Brunson,28,NYK,PG,65,65,35.4,9,18.5,0.488,2.3,6.1,0.383,6.7,12.4,0.539,0.551,5.7,6.9,0.821,0.4,2.5,2.9,7.3,0.9,0.1,2.5,2.1,26,MVP-10CPOY-1ASNBA2,FALSE
2024-25,11,banchpa01,Paolo Banchero,22,ORL,PF,46,46,34.4,9,19.8,0.452,1.9,5.9,0.32,7.1,13.9,0.509,0.5,6.1,8.4,0.727,1.1,6.4,7.5,4.8,0.8,0.6,3,2.1,25.9,,FALSE
2024-25,12,bookede01,Devin Booker,28,PHO,SG,75,75,37.3,8.7,18.9,0.461,2.4,7.3,0.332,6.3,11.6,0.542,0.525,5.8,6.4,0.894,1,3.1,4.1,7.1,0.9,0.2,2.9,2.6,25.6,,FALSE
2024-25,13,ballla01,LaMelo Ball,23,CHO,PG,47,47,32,8.6,21.3,0.405,3.8,11.2,0.339,4.8,10.1,0.478,0.494,4.1,4.9,0.843,1,3.9,4.9,7.4,1.1,0.3,3.6,3.3,25.2,,FALSE
2024-25,14,lillada01,Damian Lillard,34,MIL,PG,58,58,36.1,7.7,17.1,0.448,3.4,9,0.376,4.3,8.1,0.528,0.547,6.2,6.8,0.921,0.5,4.2,4.7,7.1,1.2,0.2,2.8,1.7,24.9,AS,FALSE
2024-25,15,davisan02,Anthony Davis,31,2TM,C,51,51,33.5,9.2,17.8,0.516,0.7,2.4,0.282,8.5,15.4,0.553,0.536,5.6,7.2,0.775,2.6,8.9,11.6,3.5,1.2,2.2,2.2,1.9,24.7,AS,TRUE
2024-25,16,irvinky01,Kyrie Irving,32,DAL,SG,50,50,36.1,8.9,18.9,0.473,2.9,7.2,0.401,6.1,11.7,0.517,0.549,3.9,4.3,0.916,1.2,3.6,4.8,4.6,1.3,0.5,2.2,2,24.7,CPOY-10AS,FALSE
2024-25,17,willizi01,Zion Williamson,24,NOP,PF,30,30,28.6,9.6,16.9,0.567,0.1,0.4,0.231,9.5,16.5,0.576,0.57,5.3,8,0.656,2.5,4.7,7.2,5.3,1.2,0.9,3,2.7,24.6,,FALSE
2024-25,18,curryst01,Stephen Curry,36,GSW,PG,70,70,32.2,8.1,18,0.448,4.4,11.2,0.397,3.6,6.8,0.534,0.572,4,4.3,0.933,0.6,3.9,4.4,6,1.1,0.4,2.9,1.4,24.5,MVP-9CPOY-5ASNBA2,FALSE
2024-25,19,jamesle01,LeBron James,40,LAL,SF,70,70,34.9,9.3,18.1,0.513,2.1,5.7,0.376,7.2,12.5,0.574,0.571,3.7,4.7,0.782,1,6.8,7.8,8.2,1,0.6,3.7,1.4,24.4,MVP-6CPOY-7ASNBA2,FALSE
2024-25,20,townska01,Karl-Anthony Towns,29,NYK,C,72,72,35,8.9,16.9,0.526,2,4.7,0.42,6.9,12.2,0.567,0.584,4.7,5.7,0.829,2.9,9.8,12.8,3.1,1,0.7,2.7,3.5,24.4,ASNBA3,FALSE
2024-25,21,wembavi01,Victor Wembanyama,21,SAS,C,46,46,33.2,8.9,18.6,0.476,3.1,8.8,0.352,5.8,9.9,0.586,0.559,3.4,4.1,0.836,1.8,9.2,11,3.7,1.1,3.8,3.2,2.3,24.3,AS,FALSE
2024-25,22,wagnefr01,Franz Wagner,23,ORL,SF,60,60,33.7,9,19.4,0.463,1.7,5.9,0.295,7.2,13.5,0.535,0.507,4.5,5.2,0.871,0.9,4.8,5.7,4.7,1.3,0.4,2.3,2.5,24.2,,FALSE
2024-25,23,youngtr01,Trae Young,26,ATL,PG,76,76,36,7.4,18.1,0.411,2.9,8.4,0.34,4.6,9.7,0.474,0.491,6.5,7.4,0.875,0.5,2.6,3.1,11.6,1.2,0.2,4.7,1.9,24.2,CPOY-4AS,FALSE
2024-25,24,mitchdo01,Donovan Mitchell,28,CLE,SG,71,71,31.4,8.2,18.6,0.443,3.3,8.9,0.368,5,9.7,0.512,0.531,4.2,5.1,0.823,0.8,3.7,4.5,5,1.3,0.2,2.1,2,24,MVP-5CPOY-9ASNBA1,FALSE
2024-25,25,thomaca02,Cam Thomas,23,BRK,SG,25,23,31.2,8,18.2,0.438,2.7,7.8,0.349,5.2,10.4,0.506,0.513,5.3,6,0.881,0.6,2.7,3.3,3.8,0.6,0.1,2.5,1.8,24,,FALSE
2024-25,26,herroty01,Tyler Herro,25,MIA,SG,77,77,35.4,8.5,17.9,0.472,3.3,8.7,0.375,5.2,9.2,0.565,0.563,3.7,4.2,0.878,0.5,4.7,5.2,5.5,0.9,0.2,2.6,1.1,23.9,AS,FALSE
2024-25,27,embiijo01,Joel Embiid,30,PHI,C,19,19,30.2,7.4,16.6,0.444,1.2,4.1,0.299,6.2,12.5,0.492,0.481,7.8,8.9,0.882,1.9,6.3,8.2,4.5,0.7,0.9,3.3,2.2,23.8,,FALSE
2024-25,28,foxde01,De'Aaron Fox,27,2TM,PG,62,62,36.1,8.7,18.8,0.463,1.9,6.1,0.31,6.8,12.6,0.538,0.514,4.2,5.1,0.827,0.9,3.9,4.8,6.3,1.5,0.4,2.8,2.6,23.5,,TRUE
2024-25,29,lavinza01,Zach LaVine,29,2TM,SG,74,74,35.2,8.4,16.5,0.511,3.2,7.2,0.446,5.2,9.3,0.562,0.609,3.2,3.9,0.825,0.3,4,4.3,4.2,0.8,0.2,2.8,1.6,23.3,,TRUE
2024-25,30,moranja01,Ja Morant,25,MEM,PG,50,50,30.4,8.1,17.8,0.454,1.8,5.7,0.309,6.3,12.1,0.523,0.504,5.3,6.4,0.824,0.7,3.4,4.1,7.3,1.2,0.2,3.7,2.3,23.2,,FALSE
2024-25,31,hardeja01,James Harden,35,LAC,PG,79,79,35.3,6.7,16.4,0.41,3,8.5,0.352,3.7,7.9,0.472,0.501,6.4,7.3,0.874,0.7,5.1,5.8,8.7,1.5,0.7,4.3,2.1,22.8,MVP-10ASNBA3,FALSE
2024-25,32,brownja02,Jaylen Brown,28,BOS,SF,63,63,34.3,8.2,17.7,0.463,1.8,5.7,0.324,6.4,12.1,0.529,0.515,3.9,5.1,0.764,1.3,4.5,5.8,4.5,1.2,0.3,2.6,2.4,22.2,AS,FALSE
2024-25,33,derozde01,DeMar DeRozan,35,SAC,SF,77,77,35.9,8.1,17,0.477,1.1,3.3,0.328,7,13.7,0.513,0.509,4.9,5.7,0.857,0.6,3.2,3.9,4.4,0.8,0.4,1.4,1.9,22.2,,FALSE
2024-25,34,ingrabr01,Brandon Ingram,27,NOP,SF,18,18,33.1,8.6,18.5,0.465,2.4,6.4,0.374,6.2,12.1,0.514,0.53,2.6,3.1,0.855,0.9,4.6,5.6,5.2,0.9,0.6,3.8,2.5,22.2,,FALSE
2024-25,35,jacksja02,Jaren Jackson Jr.,25,MEM,C,74,74,29.8,8,16.4,0.488,2,5.3,0.375,6,11.1,0.541,0.548,4.2,5.4,0.781,1.2,4.4,5.6,2,1.2,1.5,2.1,3.5,22.2,DPOY-7ASDEF2,FALSE
2024-25,36,powelno01,Norman Powell,31,LAC,SG,60,60,32.6,7.6,15.8,0.484,3,7.1,0.418,4.6,8.6,0.538,0.578,3.6,4.4,0.804,0.4,2.8,3.2,2.1,1.2,0.2,1.8,1.9,21.8,,FALSE
2024-25,37,willija06,Jalen Williams,23,OKC,SG,69,69,32.4,8.2,16.9,0.484,1.8,4.9,0.365,6.4,12,0.533,0.537,3.4,4.3,0.789,0.9,4.5,5.3,5.1,1.6,0.7,2.2,2.3,21.6,ASNBA3DEF2,FALSE
2024-25,38,leonaka01,Kawhi Leonard,33,LAC,SF,37,37,31.9,8.4,16.8,0.498,2.1,5.1,0.411,6.3,11.7,0.536,0.56,2.6,3.3,0.81,0.9,5,5.9,3.1,1.6,0.5,1.9,1.5,21.5,,FALSE
2024-25,39,murraja01,Jamal Murray,27,DEN,PG,67,67,36.1,7.9,16.7,0.474,2.3,5.9,0.393,5.6,10.8,0.518,0.543,3.3,3.7,0.886,0.7,3.2,3.9,6,1.4,0.5,2.1,1.9,21.4,,FALSE
2024-25,40,murphtr02,Trey Murphy III,24,NOP,SF,53,51,35,7.2,15.8,0.454,3,8.3,0.361,4.2,7.6,0.556,0.548,3.8,4.3,0.887,0.9,4.2,5.1,3.5,1.1,0.7,1.9,2.1,21.2,,FALSE
2024-25,41,barrerj01,RJ Barrett,24,TOR,SF,58,58,32.2,7.9,16.9,0.468,1.8,5.3,0.35,6.1,11.7,0.522,0.523,3.4,5.4,0.63,1.1,5.3,6.3,5.4,0.8,0.3,2.8,2.4,21.1,,FALSE
2024-25,42,mccolcj01,CJ McCollum,33,NOP,PG,56,56,32.7,7.9,17.9,0.444,3.1,8.2,0.373,4.9,9.7,0.505,0.53,2.2,3.1,0.717,0.8,3,3.8,4.1,0.8,0.4,1.9,2.2,21.1,,FALSE
2024-25,43,greenja05,Jalen Green,22,HOU,SG,82,82,32.9,7.4,17.5,0.423,2.9,8.1,0.354,4.6,9.5,0.482,0.505,3.3,4.1,0.813,0.5,4,4.6,3.4,0.9,0.3,2.5,1.5,21,,FALSE
2024-25,44,millebr02,Brandon Miller,22,CHO,SF,27,27,34.2,7.3,18.2,0.403,3.9,10.9,0.355,3.5,7.3,0.475,0.509,2.5,2.9,0.861,0.9,3.9,4.9,3.6,1.1,0.7,2.8,2.7,21,,FALSE
2024-25,45,garlada01,Darius Garland,25,CLE,PG,75,75,30.7,7.4,15.7,0.472,2.8,7.1,0.401,4.6,8.6,0.53,0.562,3,3.4,0.878,0.6,2.2,2.9,6.7,1.2,0.1,2.5,1.9,20.6,CPOY-6AS,FALSE
2024-25,46,poolejo01,Jordan Poole,25,WAS,SG,68,68,29.4,6.7,15.5,0.432,3.5,9.1,0.378,3.3,6.4,0.51,0.544,3.6,4,0.883,0.5,2.5,3,4.5,1.3,0.4,3,3,20.5,,FALSE
2024-25,47,whiteco01,Coby White,24,CHI,SG,74,73,33.1,6.9,15.1,0.453,2.9,7.9,0.37,3.9,7.3,0.544,0.55,3.7,4.1,0.902,0.3,3.4,3.7,4.5,0.9,0.2,2.4,2.1,20.4,,FALSE
2024-25,48,bridgmi02,Miles Bridges,26,CHO,PF,64,64,31.7,7.3,17,0.431,2.2,7,0.313,5.1,10,0.513,0.495,3.5,4,0.87,1.1,6.4,7.5,3.9,0.7,0.7,2.1,1.5,20.3,,FALSE
2024-25,49,reaveau01,Austin Reaves,26,LAL,SG,73,73,34.9,6.5,14.2,0.46,2.7,7.3,0.377,3.8,6.9,0.547,0.556,4.4,5,0.877,0.8,3.7,4.5,5.8,1.1,0.3,2.4,2.1,20.2,,FALSE
2024-25,50,siakapa01,Pascal Siakam,30,IND,PF,78,78,32.7,7.9,15.2,0.519,1.6,4.2,0.389,6.2,11,0.568,0.572,2.9,3.9,0.734,1.7,5.2,6.9,3.4,0.9,0.5,1.4,2.4,20.2,AS,FALSE
2024-25,51,porzikr01,Kristaps Porziņģis,29,BOS,C,42,42,28.8,6.6,13.7,0.483,2.5,6,0.412,4.1,7.7,0.537,0.572,3.8,4.7,0.809,1.6,5.1,6.8,2.1,0.7,1.5,1.3,2.8,19.5,,FALSE
2024-25,52,barnesc01,Scottie Barnes,23,TOR,PF,65,65,32.8,7.3,16.4,0.446,1.2,4.3,0.271,6.1,12,0.508,0.482,3.5,4.6,0.755,1.7,6,7.7,5.8,1.4,1,2.8,1.7,19.3,,FALSE
2024-25,53,simonan01,Anfernee Simons,25,POR,SG,70,70,32.7,6.8,16.1,0.426,3.1,8.5,0.363,3.8,7.6,0.496,0.521,2.5,2.8,0.902,0.4,2.3,2.7,4.8,0.9,0.1,2,1.7,19.3,,FALSE
2024-25,54,banede01,Desmond Bane,26,MEM,SG,69,68,32,7.1,14.8,0.484,2.4,6.1,0.392,4.8,8.7,0.548,0.565,2.6,2.9,0.894,0.9,5.2,6.1,5.3,1.2,0.4,2.4,2.4,19.2,,FALSE
2024-25,55,sabondo01,Domantas Sabonis,28,SAC,C,70,70,34.7,7.5,12.8,0.59,0.9,2.2,0.417,6.6,10.5,0.627,0.627,3.1,4.1,0.754,3.8,10.1,13.9,6,0.7,0.4,2.9,3.3,19.1,,FALSE
2024-25,56,sengual01,Alperen Şengün,22,HOU,C,76,76,31.5,7.5,15,0.496,0.3,1.2,0.233,7.2,13.9,0.519,0.505,3.9,5.6,0.692,3.4,6.9,10.3,4.9,1.1,0.8,2.6,2.8,19.1,AS,FALSE
2024-25,57,collijo01,John Collins,27,UTA,PF,40,31,30.5,7,13.3,0.527,1.5,3.7,0.399,5.5,9.6,0.577,0.583,3.5,4.1,0.848,2.2,6,8.2,2,1,1,2.6,2.9,19,,FALSE
2024-25,58,markkla01,Lauri Markkanen,27,UTA,PF,47,47,31.4,6.3,14.9,0.423,2.9,8.5,0.346,3.4,6.4,0.525,0.521,3.4,3.9,0.876,1.5,4.4,5.9,1.5,0.7,0.4,1.4,1.7,19,,FALSE
2024-25,59,johnsja05,Jalen Johnson,23,ATL,SF,36,36,35.7,7.5,15.1,0.5,1.2,3.9,0.312,6.3,11.1,0.566,0.541,2.6,3.5,0.746,1.7,8.3,10,5,1.6,1,2.9,1.9,18.9,,FALSE
2024-25,60,johnsca02,Cameron Johnson,28,BRK,PF,57,57,31.6,6.2,13.1,0.475,2.8,7.2,0.39,3.4,5.9,0.578,0.582,3.5,3.9,0.893,0.9,3.4,4.3,3.4,0.9,0.4,1.7,1.8,18.8,,FALSE
2024-25,61,randlju01,Julius Randle,30,MIN,PF,69,69,32.3,6.6,13.6,0.485,1.6,4.6,0.344,5,9.1,0.555,0.542,3.9,4.9,0.806,2.1,5,7.1,4.7,0.7,0.2,2.8,2.5,18.7,,FALSE
2024-25,62,halibty01,Tyrese Haliburton,24,IND,PG,73,73,33.6,6.5,13.8,0.473,3,7.7,0.388,3.5,6.1,0.581,0.582,2.6,3,0.851,0.6,3,3.5,9.2,1.4,0.7,1.6,1.3,18.6,NBA3,FALSE
2024-25,63,mobleev01,Evan Mobley,23,CLE,PF,71,71,30.5,7.1,12.8,0.557,1.2,3.2,0.37,5.9,9.5,0.621,0.604,3.1,4.3,0.725,2.3,7,9.3,3.2,0.9,1.6,2,2,18.5,MVP-10DPOY-1ASNBA2DEF1,FALSE
2024-25,64,sharpsh01,Shaedon Sharpe,21,POR,SG,72,52,31.3,6.9,15.3,0.452,2,6.6,0.311,4.9,8.8,0.557,0.519,2.6,3.4,0.785,0.9,3.6,4.5,2.8,0.9,0.2,2.1,1.7,18.5,,FALSE
2024-25,65,vucevni01,Nikola Vučević,34,CHI,C,73,72,31.2,7.5,14.2,0.53,1.8,4.4,0.402,5.8,9.8,0.587,0.592,1.6,2,0.805,2.4,7.6,10.1,3.5,0.8,0.7,1.6,2.2,18.5,,FALSE
2024-25,66,sextoco01,Collin Sexton,26,UTA,SG,63,61,27.9,6.6,13.8,0.48,1.7,4.3,0.406,4.9,9.5,0.513,0.543,3.4,4,0.865,1,1.8,2.7,4.2,0.7,0.1,2.5,2.3,18.4,,FALSE
2024-25,67,portemi01,Michael Porter Jr.,26,DEN,SF,77,77,33.7,6.9,13.6,0.504,2.5,6.4,0.395,4.4,7.3,0.599,0.596,1.9,2.5,0.768,1.8,5.2,7,2.1,0.6,0.5,1.4,2,18.2,,FALSE
2024-25,68,adebaba01,Bam Adebayo,27,MIA,C,78,78,34.3,6.9,14.3,0.485,1,2.8,0.357,5.9,11.4,0.517,0.521,3.2,4.2,0.765,2.4,7.2,9.6,4.3,1.3,0.7,2.1,2.1,18.1,DPOY-10,FALSE
2024-25,69,wiggian01,Andrew Wiggins,29,2TM,SF,60,60,30.7,6.3,14,0.448,2.2,5.8,0.374,4.1,8.2,0.501,0.526,3.3,4.3,0.763,1.5,3,4.5,2.6,1,0.8,1.7,1.7,18,,TRUE
2024-25,70,anunoog01,OG Anunoby,27,NYK,PF,74,74,36.6,6.6,13.9,0.476,2.3,6.2,0.372,4.3,7.7,0.561,0.559,2.5,3.1,0.81,1.3,3.5,4.8,2.2,1.5,0.9,1.4,2.3,18,,FALSE
2024-25,71,bridgmi01,Mikal Bridges,28,NYK,SF,82,82,37,7.2,14.4,0.5,2,5.6,0.354,5.2,8.8,0.594,0.57,1.2,1.4,0.814,0.9,2.3,3.2,3.7,0.9,0.5,1.6,1.5,17.6,,FALSE
2024-25,72,iveyja01,Jaden Ivey,22,DET,SG,30,30,29.9,6.3,13.8,0.46,2.1,5.1,0.409,4.2,8.6,0.49,0.536,2.8,3.9,0.733,1.3,2.8,4.1,4,0.9,0.4,3,2.2,17.6,,FALSE
2024-25,73,butleji01,Jimmy Butler,35,2TM,SF,55,55,31.7,5.5,10.9,0.504,0.6,1.9,0.308,4.9,9,0.546,0.531,6,7.1,0.842,2.3,3.1,5.4,5.4,1.4,0.3,1.3,0.9,17.5,,TRUE
2024-25,74,murrade01,Dejounte Murray,28,NOP,PG,31,31,32.6,6.3,15.9,0.393,1.7,5.6,0.299,4.6,10.3,0.444,0.445,3.3,4,0.823,0.5,5.9,6.5,7.4,2,0.4,3.4,2,17.5,,FALSE
2024-25,75,monkma01,Malik Monk,26,SAC,SG,65,45,31.6,6.3,14.4,0.439,2.1,6.6,0.325,4.2,7.9,0.534,0.513,2.4,2.7,0.865,0.5,3.3,3.8,5.6,0.9,0.6,2.4,2.4,17.2,,FALSE
2024-25,76,quickim01,Immanuel Quickley,25,TOR,PG,33,33,27.8,5.6,13.3,0.42,2.6,6.8,0.378,3,6.5,0.465,0.517,3.4,3.9,0.867,0.5,3.1,3.5,5.8,0.7,0.1,1.8,1.8,17.1,,FALSE
2024-25,77,huntede01,De'Andre Hunter,27,2TM,SF,64,9,27.2,5.6,11.9,0.47,2.5,6.1,0.405,3.1,5.8,0.537,0.573,3.4,4,0.846,0.7,3.3,4,1.4,0.8,0.2,1.3,2.4,17,6MOY-4,TRUE
2024-25,78,bealbr01,Bradley Beal,31,PHO,SG,53,38,32.1,6.5,13.1,0.497,1.9,5,0.386,4.6,8.1,0.565,0.571,2.1,2.6,0.803,0.6,2.7,3.3,3.7,1.1,0.5,1.9,2.6,17,,FALSE
2024-25,79,avdijde01,Deni Avdija,24,POR,SF,72,54,30,5.6,11.7,0.476,1.7,4.8,0.365,3.8,7,0.552,0.55,4,5.2,0.78,1.5,5.7,7.3,3.9,1,0.5,2.7,2.4,16.9,,FALSE
2024-25,80,georgke01,Keyonte George,21,UTA,PG,67,35,31.5,5.4,13.7,0.391,2.6,7.6,0.343,2.8,6.1,0.449,0.485,3.5,4.3,0.818,0.4,3.4,3.8,5.6,0.7,0.1,2.7,1.7,16.8,,FALSE
2024-25,81,zubaciv01,Ivica Zubac,27,LAC,C,80,80,32.8,7.4,11.8,0.628,0,0,,7.4,11.8,0.628,0.628,2,3,0.661,3.8,8.9,12.6,2.7,0.7,1.1,1.6,2.1,16.8,DPOY-6DEF2,FALSE
2024-25,82,whitede01,Derrick White,30,BOS,SG,76,76,33.9,5.6,12.6,0.442,3.5,9.1,0.384,2.1,3.5,0.593,0.58,1.8,2.1,0.839,0.9,3.6,4.5,4.8,0.9,1.1,1.7,1.8,16.4,DPOY-10,FALSE
2024-25,83,beaslma01,Malik Beasley,28,DET,SG,82,18,27.8,5.6,13.1,0.43,3.9,9.3,0.416,1.7,3.7,0.466,0.579,1.2,1.7,0.679,0.6,2,2.6,1.7,0.9,0.1,1,1.5,16.3,6MOY-2,FALSE
2024-25,84,vassede01,Devin Vassell,24,SAS,SG,64,53,31,6.2,13.9,0.443,2.5,6.7,0.368,3.7,7.2,0.513,0.532,1.5,1.9,0.792,0.5,3.5,4,2.9,1.3,0.5,1.4,1.7,16.3,,FALSE
2024-25,85,clarkjo01,Jordan Clarkson,32,UTA,SG,37,9,26,5.4,13.3,0.408,2.3,6.3,0.362,3.2,7.1,0.448,0.493,3.1,3.9,0.797,0.7,2.5,3.2,3.7,0.8,0.2,2.3,1.4,16.2,,FALSE
2024-25,86,georgpa01,Paul George,34,PHI,PF,41,41,32.5,6,13.9,0.43,2.3,6.5,0.358,3.6,7.4,0.493,0.514,1.9,2.4,0.814,0.6,4.8,5.3,4.3,1.8,0.5,2.6,2.5,16.2,,FALSE
2024-25,87,suggsja01,Jalen Suggs,23,ORL,PG,35,35,28.6,5.6,13.7,0.41,2.2,6.9,0.314,3.5,6.8,0.506,0.489,2.8,3.1,0.882,0.7,3.4,4,3.7,1.5,0.9,2.9,2.8,16.2,,FALSE
2024-25,88,mathube01,Bennedict Mathurin,22,IND,SF,72,49,29.8,5.4,11.8,0.458,1.4,4,0.34,4.1,7.8,0.519,0.516,3.8,4.6,0.831,1.2,4.1,5.3,1.9,0.7,0.3,1.9,2.3,16.1,,FALSE
2024-25,89,turnemy01,Myles Turner,28,IND,C,72,72,30.2,5.4,11.3,0.481,2.2,5.5,0.396,3.3,5.8,0.561,0.577,2.6,3.3,0.773,1.3,5.3,6.5,1.5,0.8,2,1.7,2.5,15.6,,FALSE
2024-25,90,braunch01,Christian Braun,23,DEN,SG,79,77,33.9,6,10.4,0.58,1.1,2.8,0.397,4.9,7.6,0.648,0.634,2.2,2.7,0.827,1.2,3.9,5.2,2.6,1.1,0.5,1,2.2,15.4,,FALSE
2024-25,91,kuminjo01,Jonathan Kuminga,22,GSW,PF,47,10,24.3,5.5,12.1,0.454,1,3.2,0.305,4.5,8.9,0.508,0.495,3.3,5,0.668,1.2,3.4,4.6,2.2,0.8,0.4,1.5,1.9,15.3,,FALSE
2024-25,92,mccaija01,Jared McCain,20,PHI,SG,23,8,25.7,5.5,11.9,0.46,2.2,5.8,0.383,3.3,6.1,0.532,0.553,2.1,2.4,0.875,0.6,1.9,2.4,2.6,0.7,0,1.6,1.6,15.3,ROY-7,FALSE
2024-25,93,willima07,Mark Williams,23,CHO,C,44,41,26.6,6.1,10.2,0.604,0,0.1,0,6.1,10.1,0.609,0.604,3,3.7,0.804,3,7.2,10.2,2.5,0.7,1.2,1.6,2.4,15.3,,FALSE
2024-25,94,oubreke01,Kelly Oubre Jr.,29,PHI,SF,60,57,34.6,5.8,12.4,0.47,1.2,4,0.293,4.6,8.3,0.555,0.518,2.3,3.1,0.751,1.6,4.5,6.1,1.8,1.5,0.5,1.3,3,15.1,,FALSE
2024-25,95,holmgch01,Chet Holmgren,22,OKC,C,32,32,27.4,5.2,10.7,0.49,1.4,3.6,0.379,3.8,7,0.547,0.554,3.2,4.2,0.754,1.5,6.5,8,2,0.7,2.2,1.8,2.3,15,,FALSE
2024-25,96,kuzmaky01,Kyle Kuzma,29,2TM,PF,65,62,29.8,5.7,13,0.436,1.5,4.8,0.307,4.2,8.2,0.512,0.493,2,3.1,0.634,0.8,4.9,5.7,2.3,0.6,0.3,2.2,1.8,14.8,,TRUE
2024-25,97,castlst01,Stephon Castle,20,SAS,SG,81,47,26.7,5.2,12.2,0.428,1.2,4.1,0.285,4,8.1,0.501,0.476,3.1,4.2,0.724,1.1,2.6,3.7,4.1,0.9,0.3,2.2,2,14.7,ROY-1,FALSE
2024-25,98,gordoaa01,Aaron Gordon,29,DEN,PF,51,42,28.4,5.2,9.7,0.531,1.5,3.4,0.436,3.7,6.4,0.582,0.607,2.8,3.5,0.81,1.6,3.3,4.8,3.2,0.5,0.3,1.4,1.6,14.7,,FALSE
2024-25,99,washipj01,P.J. Washington,26,DAL,PF,57,56,32.2,5.3,11.7,0.453,1.6,4.2,0.381,3.7,7.5,0.493,0.521,2.5,3.5,0.722,1.4,6.3,7.8,2.3,1.1,1.1,2.1,2.3,14.7,,FALSE
2024-25,100,grimequ01,Quentin Grimes,24,2TM,SG,75,37,26.8,5.1,11,0.467,2.2,5.6,0.385,3,5.4,0.552,0.565,2.2,2.9,0.757,0.8,3.5,4.3,3,1,0.3,1.9,1.8,14.6,,TRUE
2024-25,101,giddejo01,Josh Giddey,22,CHI,PG,70,69,30.2,5.3,11.4,0.465,1.5,4,0.378,3.8,7.4,0.512,0.531,2.5,3.2,0.781,1.8,6.3,8.1,7.2,1.2,0.6,2.9,1.7,14.6,,FALSE
2024-25,102,poeltja01,Jakob Poeltl,29,TOR,C,57,56,29.6,6.4,10.2,0.627,0,0.1,0.333,6.4,10.1,0.628,0.628,1.7,2.5,0.674,3.3,6.3,9.6,2.8,1.2,1.2,1.9,3.1,14.5,,FALSE
2024-25,103,aytonde01,Deandre Ayton,26,POR,C,40,40,30.2,6.6,11.7,0.566,0.2,0.8,0.188,6.5,10.9,0.594,0.573,1,1.5,0.667,3.1,7.1,10.2,1.6,0.8,1,1.7,2.2,14.4,,FALSE
2024-25,104,dickgr01,Gradey Dick,21,TOR,SG,54,54,29.4,4.9,12,0.41,2.1,6,0.35,2.8,5.9,0.47,0.498,2.5,2.9,0.858,0.8,2.8,3.6,1.8,0.9,0.2,1.5,2.2,14.4,,FALSE
2024-25,105,grantje01,Jerami Grant,30,POR,PF,47,47,32.4,4.6,12.2,0.373,2.3,6.3,0.365,2.3,5.9,0.381,0.467,3,3.5,0.849,0.6,2.9,3.5,2.1,0.9,1,1.4,2.3,14.4,,FALSE
2024-25,106,pritcpa01,Payton Pritchard,27,BOS,PG,80,3,28.4,5.1,10.8,0.472,3.2,7.8,0.407,1.9,3,0.642,0.62,0.9,1.1,0.845,1.3,2.6,3.8,3.5,0.9,0.2,1,1.5,14.3,6MOY-1,FALSE
2024-25,107,reidna01,Naz Reid,25,MIN,C,80,17,27.5,5.3,11.5,0.462,2.2,5.8,0.379,3.1,5.8,0.544,0.556,1.4,1.8,0.776,1.2,4.9,6,2.3,0.7,0.9,1.4,2.4,14.2,6MOY-5,FALSE
2024-25,108,daniedy01,Dyson Daniels,21,ATL,SG,76,76,33.8,6,12.1,0.493,1.1,3.1,0.34,4.9,9.1,0.545,0.536,1.1,1.8,0.593,1.6,4.3,5.9,4.4,3,0.7,2,2.3,14.1,DPOY-2MIP-1DEF1,FALSE
2024-25,109,manntr01,Tre Mann,23,CHO,PG,13,0,24.5,5.4,12.4,0.435,1.8,4.6,0.4,3.5,7.8,0.455,0.509,1.5,1.6,0.905,0.9,2,2.9,3,0.5,0.3,1.9,1.8,14.1,,FALSE
2024-25,110,thompam01,Amen Thompson,22,HOU,SF,69,42,32.2,5.6,10.1,0.557,0.4,1.3,0.275,5.3,8.8,0.599,0.575,2.4,3.6,0.684,2.8,5.4,8.2,3.8,1.4,1.3,2,2.4,14.1,DPOY-5DEF1,FALSE
2024-25,111,vanvlfr01,Fred VanVleet,30,HOU,PG,60,60,35.2,4.8,12.7,0.378,2.7,7.7,0.345,2.1,5,0.43,0.483,1.9,2.3,0.81,0.5,3.2,3.7,5.6,1.6,0.4,1.5,2.3,14.1,,FALSE
2024-25,112,brookdi01,Dillon Brooks,29,HOU,SF,75,75,31.8,5.1,11.9,0.429,2.5,6.3,0.397,2.6,5.7,0.465,0.533,1.3,1.6,0.818,1,2.7,3.7,1.7,0.8,0.2,1,3.2,14,,FALSE
2024-25,113,smithto05,Tolu Smith,24,DET,PF,1,0,22,6,9,0.667,0,0,,6,9,0.667,0.667,2,3,0.667,4,4,8,0,0,0,2,3,14,,FALSE
2024-25,114,thompkl01,Klay Thompson,34,DAL,SF,72,72,27.3,5,12.2,0.412,3,7.7,0.391,2,4.5,0.448,0.535,0.9,1,0.905,0.6,2.8,3.4,2,0.7,0.4,1.2,1.1,14,,FALSE
2024-25,115,portibo01,Bobby Portis,29,MIL,PF,49,7,25.4,5.7,12.1,0.466,1.3,3.6,0.365,4.3,8.5,0.508,0.52,1.2,1.5,0.836,1.8,6.6,8.4,2.1,0.7,0.5,1.2,1.9,13.9,,FALSE
2024-25,116,harrito02,Tobias Harris,32,DET,PF,73,73,31.6,5.3,11,0.477,1.2,3.6,0.345,4,7.4,0.542,0.534,2,2.3,0.861,0.9,5,5.9,2.2,1,0.8,1.2,1.9,13.7,,FALSE
2024-25,117,hartjo01,Josh Hart,29,NYK,SG,77,77,37.6,5.2,10,0.525,1.1,3.3,0.333,4.2,6.7,0.618,0.579,2.1,2.7,0.776,2.1,7.5,9.6,5.9,1.5,0.4,2.1,2.6,13.6,,FALSE
2024-25,118,allenja01,Jarrett Allen,26,CLE,C,82,82,28,5.5,7.8,0.706,0,0.1,0,5.5,7.7,0.712,0.706,2.4,3.4,0.718,2.6,7.1,9.7,1.9,0.9,0.9,1.2,1.5,13.5,,FALSE
2024-25,119,okongon01,Onyeka Okongwu,24,ATL,C,74,40,27.9,5.2,9.2,0.567,0.6,2,0.324,4.6,7.2,0.634,0.602,2.2,2.9,0.759,3,5.9,8.9,2.3,0.9,0.9,1.2,2.6,13.4,,FALSE
2024-25,120,westbru01,Russell Westbrook,36,DEN,PG,75,36,27.9,5,11.1,0.449,1.3,3.9,0.323,3.7,7.2,0.517,0.505,2.1,3.1,0.661,1.4,3.6,4.9,6.1,1.4,0.5,3.2,2.5,13.3,6MOY-7,FALSE
2024-25,121,marshna01,Naji Marshall,27,DAL,SF,69,31,27.8,5.2,10.3,0.508,0.9,3.2,0.275,4.4,7.2,0.611,0.551,1.9,2.3,0.813,1.1,3.7,4.8,3,1,0.2,1.6,1.6,13.2,,FALSE
2024-25,122,schrode01,Dennis Schröder,31,3TM,PG,75,49,28.1,4.5,11,0.406,1.7,4.9,0.342,2.8,6.1,0.458,0.483,2.4,2.9,0.838,0.4,2.3,2.6,5.4,0.9,0.2,1.9,2.4,13.1,,TRUE
2024-25,123,hachiru01,Rui Hachimura,26,LAL,PF,59,57,31.7,5,9.8,0.509,1.7,4.2,0.413,3.2,5.6,0.581,0.597,1.5,1.9,0.77,1.3,3.7,5,1.4,0.8,0.4,0.8,1.8,13.1,,FALSE
2024-25,124,lopezbr01,Brook Lopez,36,MIL,C,80,80,31.8,4.9,9.7,0.509,1.7,4.7,0.373,3.2,5,0.636,0.599,1.4,1.7,0.826,1.4,3.6,5,1.8,0.6,1.9,1.1,2.1,13,,FALSE
2024-25,125,sarral01,Alex Sarr,19,WAS,C,67,67,27.1,4.9,12.4,0.394,1.6,5.1,0.308,3.3,7.3,0.454,0.457,1.7,2.5,0.679,1.9,4.6,6.5,2.4,0.7,1.5,1.7,2.2,13,ROY-4,FALSE
2024-25,126,wagnemo01,Moritz Wagner,27,ORL,C,30,1,18.8,4.7,8.3,0.562,0.9,2.5,0.36,3.8,5.8,0.649,0.616,2.6,3.7,0.718,1.3,3.6,4.9,1.4,0.8,0.4,1.6,1.8,12.9,,FALSE
2024-25,127,brogdma01,Malcolm Brogdon,32,WAS,PG,24,13,23.5,4.3,10,0.433,0.7,2.3,0.286,3.7,7.7,0.478,0.467,3.4,3.8,0.88,0.9,2.9,3.8,4.1,0.5,0.2,1.6,1.3,12.7,,FALSE
2024-25,128,hendesc01,Scoot Henderson,20,POR,PG,66,10,26.7,4.3,10.4,0.419,1.6,4.5,0.354,2.8,5.9,0.469,0.496,2.4,3.1,0.767,0.8,2.2,3,5.1,1,0.2,2.7,2.7,12.7,,FALSE
2024-25,129,johnske04,Keldon Johnson,25,SAS,SF,77,0,23.9,4.8,10,0.482,1.1,3.6,0.318,3.7,6.4,0.573,0.538,1.9,2.5,0.773,1.5,3.4,4.8,1.6,0.6,0.3,1,1.5,12.7,,FALSE
2024-25,130,russeda01,D'Angelo Russell,28,2TM,PG,58,36,25.5,4.3,11,0.39,1.9,6.2,0.314,2.3,4.8,0.489,0.479,2.1,2.5,0.834,0.3,2.4,2.8,5.1,1,0.4,1.9,2,12.6,,TRUE
2024-25,131,risacza01,Zaccharie Risacher,19,ATL,SF,75,73,24.6,4.8,10.4,0.458,1.6,4.6,0.355,3.1,5.8,0.54,0.537,1.4,2,0.711,1.1,2.4,3.6,1.2,0.7,0.5,1.2,2,12.6,ROY-2,FALSE
2024-25,132,aldamsa01,Santi Aldama,24,MEM,PF,65,16,25.5,4.8,10,0.483,1.8,5,0.368,3,5,0.599,0.576,1,1.4,0.691,1.4,5,6.4,2.9,0.8,0.4,1.1,1.2,12.5,,FALSE
2024-25,133,jeromty01,Ty Jerome,27,CLE,SG,70,3,19.9,4.6,8.8,0.516,1.6,3.6,0.439,3,5.2,0.57,0.606,1.8,2.1,0.872,0.7,1.8,2.5,3.4,1.1,0,1.3,1.5,12.5,6MOY-3,FALSE
2024-25,134,murrake02,Keegan Murray,24,SAC,PF,76,76,34.3,4.8,10.8,0.444,2,5.9,0.343,2.8,4.9,0.566,0.538,0.8,0.9,0.833,1.9,4.8,6.7,1.4,0.8,0.9,0.8,2.4,12.4,,FALSE
2024-25,135,walkelo01,Lonnie Walker IV,26,PHI,SG,20,7,23.9,4.5,10.6,0.42,2.3,6.4,0.354,2.2,4.3,0.518,0.526,1.2,1.5,0.8,0.3,2.9,3.2,2.5,0.5,0.3,1.3,1.4,12.4,,FALSE
2024-25,136,barneha02,Harrison Barnes,32,SAS,PF,82,82,27.2,4.2,8.3,0.508,1.9,4.4,0.433,2.3,3.9,0.591,0.622,2,2.4,0.809,1.2,2.6,3.8,1.7,0.5,0.2,0.6,0.9,12.3,,FALSE
2024-25,137,coulibi01,Bilal Coulibaly,20,WAS,SF,59,59,33,4.5,10.6,0.421,1.1,3.8,0.281,3.4,6.8,0.5,0.472,2.3,3.1,0.746,1.5,3.4,5,3.4,1.3,0.7,2.1,2.4,12.3,,FALSE
2024-25,138,dosunay01,Ayo Dosunmu,25,CHI,SG,46,26,30.3,4.8,9.8,0.492,1.3,4.1,0.328,3.5,5.7,0.612,0.561,1.3,1.7,0.785,0.6,2.9,3.5,4.5,0.9,0.4,1.5,2.3,12.3,,FALSE
2024-25,139,gaffoda01,Daniel Gafford,26,DAL,C,57,31,21.5,5,7.1,0.702,0,0,,5,7.1,0.702,0.702,2.4,3.4,0.689,2.7,4.1,6.8,1.4,0.4,1.8,1.2,2.7,12.3,,FALSE
2024-25,140,mcdanja02,Jaden McDaniels,24,MIN,PF,82,82,31.9,4.9,10.2,0.477,1.2,3.7,0.33,3.6,6.5,0.561,0.537,1.3,1.6,0.813,1.6,4.2,5.7,2,1.3,0.9,1.2,2.7,12.2,,FALSE
2024-25,141,smithja05,Jabari Smith Jr.,21,HOU,PF,57,39,30.1,4.4,9.9,0.438,1.7,4.9,0.354,2.6,5.1,0.519,0.525,1.8,2.2,0.825,1.8,5.2,7,1.1,0.4,0.7,1.1,2.2,12.2,,FALSE
2024-25,142,leverca01,Caris LeVert,30,2TM,SG,64,3,24.9,4.4,9.4,0.467,1.7,4.4,0.373,2.7,4.9,0.552,0.556,1.7,2.4,0.71,0.6,2.5,3.2,3.4,0.9,0.5,1.2,1.5,12.1,,TRUE
2024-25,143,timmedr01,Drew Timme,24,BRK,PF,9,2,28.2,5,11.3,0.441,1,3.9,0.257,4,7.4,0.537,0.485,1.1,1.8,0.625,1.9,5.3,7.2,2.2,0.4,0.1,1.7,2.3,12.1,,FALSE
2024-25,144,easonta01,Tari Eason,23,HOU,PF,57,16,24.9,4.8,9.8,0.487,1.1,3.2,0.342,3.7,6.6,0.557,0.543,1.4,1.8,0.76,2.2,4.1,6.4,1.5,1.7,0.9,1.1,2.4,12,,FALSE
2024-25,145,goberru01,Rudy Gobert,32,MIN,C,72,72,33.2,4.7,7.1,0.669,0,0,,4.7,7.1,0.669,0.669,2.6,3.8,0.674,3.7,7.2,10.9,1.8,0.8,1.4,1.2,2.5,12,DPOY-13DEF2,FALSE
2024-25,146,nesmiaa01,Aaron Nesmith,25,IND,SF,45,37,24.9,4.3,8.4,0.507,1.9,4.3,0.431,2.4,4.1,0.587,0.617,1.6,1.8,0.913,0.8,3.1,4,1.2,0.8,0.4,0.8,2.5,12,,FALSE
2024-25,147,wiggiaa01,Aaron Wiggins,26,OKC,SG,76,26,22.9,4.7,9.6,0.488,1.7,4.5,0.383,3,5.1,0.578,0.577,1,1.2,0.831,1.1,2.8,3.9,1.8,0.8,0.2,0.9,1.3,12,,FALSE
2024-25,148,middlkh01,Khris Middleton,33,2TM,SF,37,21,22.8,4.3,9.1,0.475,1.3,3.6,0.361,3,5.5,0.549,0.546,1.9,2.3,0.857,0.4,3.4,3.7,4.1,0.9,0.2,1.5,2,11.9,,TRUE
2024-25,149,durenja01,Jalen Duren,21,DET,C,78,78,26.1,4.8,7,0.692,0,0,,4.8,7,0.692,0.692,2.1,3.1,0.669,3.6,6.8,10.3,2.7,0.7,1.1,1.7,3.2,11.8,,FALSE
2024-25,150,divindo01,Donte DiVincenzo,28,MIN,SG,62,10,25.9,4,9.6,0.422,2.8,7.1,0.397,1.2,2.5,0.49,0.568,0.8,1,0.778,0.5,3.2,3.7,3.6,1.2,0.3,1.6,1.8,11.7,,FALSE
2024-25,151,podzibr01,Brandin Podziemski,21,GSW,SG,64,33,26.8,4.4,9.8,0.445,1.8,4.8,0.372,2.6,5,0.516,0.537,1.1,1.5,0.758,1,4.1,5.1,3.4,1.1,0.2,1.2,1.5,11.7,,FALSE
2024-25,152,kispeco01,Corey Kispert,25,WAS,SF,61,0,26.3,4.2,9.3,0.451,2,5.4,0.364,2.2,3.9,0.574,0.558,1.2,1.4,0.852,0.6,2.4,3,1.7,0.4,0.2,1,1.6,11.6,,FALSE
2024-25,153,sochaje01,Jeremy Sochan,21,SAS,PF,54,23,25.3,4.6,8.7,0.535,0.5,1.7,0.308,4.1,7,0.59,0.565,1.6,2.3,0.696,2.4,4.2,6.5,2.4,0.8,0.5,1.6,2.4,11.4,,FALSE
2024-25,154,camarto01,Toumani Camara,24,POR,PF,78,78,32.7,4.2,9.2,0.458,1.7,4.6,0.375,2.5,4.6,0.542,0.552,1.2,1.6,0.722,2.2,3.6,5.8,2.2,1.5,0.6,1.4,2.9,11.3,DPOY-9DEF2,FALSE
2024-25,155,harteis01,Isaiah Hartenstein,26,OKC,C,57,53,27.9,4.9,8.4,0.581,0,0.3,0,4.9,8.1,0.605,0.581,1.4,2.1,0.675,2.9,7.9,10.7,3.8,0.8,1.1,1.7,3,11.2,,FALSE
2024-25,156,hieldbu01,Buddy Hield,32,GSW,SG,82,22,22.7,4,9.6,0.417,2.5,6.7,0.37,1.5,2.9,0.527,0.546,0.6,0.8,0.828,0.6,2.6,3.2,1.6,0.8,0.3,1.1,1.6,11.1,,FALSE
2024-25,157,holidjr01,Jrue Holiday,34,BOS,PG,62,62,30.6,4.1,9.2,0.443,1.7,4.9,0.353,2.4,4.3,0.547,0.538,1.1,1.2,0.909,1.2,3,4.3,3.9,1.1,0.4,1.2,1.6,11.1,,FALSE
2024-25,158,kesslwa01,Walker Kessler,23,UTA,C,58,58,30,4.8,7.2,0.663,0.1,0.6,0.176,4.7,6.6,0.706,0.671,1.4,2.6,0.52,4.6,7.6,12.2,1.7,0.6,2.4,1.5,2.2,11.1,,FALSE
2024-25,159,trentga02,Gary Trent Jr.,26,MIL,SG,74,9,25.6,3.8,8.9,0.431,2.4,5.9,0.416,1.4,3,0.46,0.568,1.1,1.2,0.848,0.3,2,2.3,1.2,1,0.1,0.6,1.7,11.1,,FALSE
2024-25,160,dinwisp01,Spencer Dinwiddie,31,DAL,PG,79,30,27,3.6,8.6,0.416,1.4,4.1,0.334,2.2,4.5,0.492,0.496,2.5,3.1,0.802,0.2,2.4,2.6,4.4,0.9,0.2,1.3,1.5,11,,FALSE
2024-25,161,hardati02,Tim Hardaway Jr.,32,DET,SG,77,77,28,3.6,8.8,0.406,2.2,5.9,0.368,1.4,2.9,0.484,0.529,1.6,1.9,0.855,0.2,2.1,2.4,1.6,0.5,0.1,0.6,1.2,11,,FALSE
2024-25,162,robindu01,Duncan Robinson,30,MIA,SF,74,37,24.1,3.9,9,0.437,2.6,6.5,0.393,1.4,2.4,0.556,0.581,0.6,0.7,0.887,0.2,2,2.3,2.4,0.5,0.1,1.2,1.8,11,,FALSE
2024-25,163,yabusgu01,Guerschon Yabusele,29,PHI,C,70,43,27.1,4,8,0.501,1.5,3.9,0.38,2.5,4.1,0.616,0.593,1.4,2,0.725,1.9,3.7,5.6,2.1,0.8,0.3,1.2,2.3,11,,FALSE
2024-25,164,sensabr01,Brice Sensabaugh,21,UTA,SF,71,15,20.2,3.9,8.4,0.459,2.2,5.2,0.422,1.7,3.2,0.52,0.59,0.9,1,0.89,0.6,2.4,3,1.5,0.6,0.1,1.5,1.6,10.9,,FALSE
2024-25,165,bogdabo01,Bogdan Bogdanović,32,2TM,SG,54,4,25,3.9,9.1,0.427,1.9,5.4,0.363,1.9,3.8,0.517,0.534,1.1,1.2,0.879,0.4,2.5,2.9,2.7,0.8,0.2,1.4,2.4,10.8,,TRUE
2024-25,166,hawkijo01,Jordan Hawkins,22,NOP,SG,56,9,23.6,3.7,9.9,0.372,2,5.9,0.331,1.7,4,0.433,0.471,1.4,1.8,0.816,0.4,2.4,2.8,1.2,0.5,0.4,1,0.9,10.8,,FALSE
2024-25,167,bostobr01,Brandon Boston Jr.,23,NOP,SG,42,10,23.6,4,9.1,0.436,1.2,3.3,0.35,2.8,5.7,0.485,0.5,1.6,2,0.788,0.7,2.5,3.2,2.2,1.3,0.2,1.2,1.7,10.7,,FALSE
2024-25,168,jovicni01,Nikola Jović,21,MIA,PF,46,10,25.1,3.7,8.2,0.456,1.7,4.6,0.371,2,3.6,0.563,0.56,1.6,1.9,0.828,0.6,3.3,3.9,2.8,0.8,0.3,1.3,1.8,10.7,,FALSE
2024-25,169,allengr01,Grayson Allen,29,PHO,SG,64,7,24.1,3.4,7.6,0.448,2.3,5.5,0.426,1.1,2.2,0.504,0.6,1.5,1.8,0.816,0.5,2.5,3,2.1,0.8,0.3,1.2,1.5,10.6,,FALSE
2024-25,170,johnske07,Keon Johnson,22,BRK,SG,79,56,24.4,3.8,9.9,0.389,1.6,5.1,0.314,2.2,4.8,0.468,0.47,1.4,1.8,0.77,0.8,3,3.8,2.2,1,0.4,1.5,2.6,10.6,,FALSE
2024-25,171,roziete01,Terry Rozier,30,MIA,PG,64,23,25.9,3.9,9.9,0.391,1.4,4.8,0.295,2.5,5.1,0.48,0.462,1.4,1.7,0.852,0.7,3,3.7,2.6,0.6,0.2,1.2,1.1,10.6,,FALSE
2024-25,172,toppiob01,Obi Toppin,26,IND,PF,79,4,19.6,4,7.6,0.529,1.4,3.8,0.365,2.6,3.8,0.695,0.621,1.1,1.4,0.781,0.7,3.3,4,1.6,0.6,0.4,0.9,1.4,10.5,,FALSE
2024-25,173,valanjo01,Jonas Valančiūnas,32,2TM,C,81,21,18.8,4.3,7.7,0.55,0.1,0.5,0.216,4.2,7.3,0.571,0.557,1.8,2,0.879,2.3,5.4,7.7,2,0.5,0.6,1.5,2.2,10.4,,TRUE
2024-25,174,agbajoc01,Ochai Agbaji,24,TOR,SG,64,45,27.2,4.2,8.3,0.498,1.6,4,0.399,2.6,4.4,0.587,0.593,0.5,0.8,0.708,1,2.8,3.8,1.5,0.9,0.5,0.8,2,10.4,,FALSE
2024-25,175,wellsja01,Jaylen Wells,21,MEM,SG,79,74,25.9,3.6,8.6,0.425,1.7,5,0.352,1.9,3.6,0.525,0.527,1.4,1.7,0.822,1.1,2.3,3.4,1.7,0.6,0.1,0.9,1.8,10.4,ROY-3,FALSE
2024-25,176,willigr01,Grant Williams,26,CHO,PF,16,7,29.9,3.4,7.7,0.439,1.7,4.6,0.365,1.7,3.1,0.551,0.549,1.9,2.3,0.838,1.1,4,5.1,2.3,1.1,0.8,1.8,2.9,10.4,,FALSE
2024-25,177,porteke02,Kevin Porter Jr.,24,2TM,SG,75,4,19.8,3.9,8.7,0.449,0.7,2.4,0.311,3.2,6.3,0.501,0.492,1.7,2.3,0.769,0.6,3.1,3.7,3.4,1.1,0.2,1.8,1.6,10.3,,TRUE
2024-25,178,alvarjo01,Jose Alvarado,26,NOP,PG,56,23,24.4,3.6,9.3,0.392,2,5.5,0.359,1.7,3.8,0.439,0.498,1.1,1.3,0.811,0.5,1.9,2.4,4.6,1.3,0.3,1.5,1.6,10.3,,FALSE
2024-25,179,claxtni01,Nic Claxton,25,BRK,C,70,62,26.9,4.6,8.1,0.563,0.1,0.3,0.238,4.5,7.8,0.576,0.568,1.1,2.2,0.513,2.2,5.1,7.4,2.2,0.9,1.4,1.2,2.1,10.3,,FALSE
2024-25,180,joneshe01,Herbert Jones,26,NOP,SF,20,20,32.4,3.8,8.6,0.436,1.1,3.6,0.306,2.7,5,0.53,0.5,1.7,2,0.825,1.1,2.8,3.9,3.3,1.9,0.5,1.8,3.3,10.3,,FALSE
2024-25,181,meltode01,De'Anthony Melton,26,GSW,SG,6,2,20.2,3.7,9,0.407,2.2,5.8,0.371,1.5,3.2,0.474,0.528,0.8,1.3,0.625,1,2.3,3.3,2.8,1.2,0.3,1.7,3,10.3,,FALSE
2024-25,182,joeis01,Isaiah Joe,25,OKC,SG,74,16,21.7,3.5,7.9,0.44,2.6,6.3,0.412,0.9,1.6,0.549,0.604,0.6,0.8,0.821,0.6,2.1,2.6,1.6,0.6,0.1,0.5,1.5,10.2,,FALSE
2024-25,183,jonesty01,Tyus Jones,28,PHO,PG,81,58,26.8,3.8,8.4,0.448,2,5,0.414,1.7,3.5,0.496,0.57,0.6,0.7,0.895,0.5,1.9,2.4,5.3,0.9,0.1,1.1,0.8,10.2,,FALSE
2024-25,184,watfotr01,Trendon Watford,24,BRK,PF,44,6,20.8,3.7,8,0.469,0.7,2,0.33,3.1,6,0.515,0.51,2.1,2.8,0.762,0.8,2.8,3.6,2.6,0.6,0.3,1.9,2.2,10.2,,FALSE
2024-25,185,brookke02,Keion Brooks Jr.,24,NOP,SF,14,6,23.7,3.8,7.8,0.486,1,3.1,0.326,2.8,4.7,0.591,0.55,1.6,2.1,0.733,0.9,3.3,4.1,0.9,0.7,0.7,0.9,2.1,10.1,,FALSE
2024-25,186,dortlu01,Luguentz Dort,25,OKC,SF,71,71,29.2,3.6,8.4,0.435,2.4,5.8,0.412,1.2,2.5,0.489,0.578,0.5,0.6,0.717,1.3,2.9,4.1,1.6,1.1,0.5,0.7,2.9,10.1,DPOY-4DEF1,FALSE
2024-25,187,edwarju01,Justin Edwards,21,PHI,SF,44,26,26.3,3.9,8.6,0.455,1.6,4.3,0.363,2.3,4.3,0.548,0.546,0.7,1,0.696,1,2.3,3.4,1.6,1,0.4,1.1,2.2,10.1,,FALSE
2024-25,188,jonesde02,Derrick Jones Jr.,27,LAC,SF,77,55,24.3,4,7.6,0.526,1,2.8,0.356,3,4.8,0.627,0.593,1.1,1.5,0.703,1.2,2.2,3.4,0.8,1,0.4,0.9,2,10.1,,FALSE
2024-25,189,thompau01,Ausar Thompson,22,DET,SF,59,48,22.5,4.2,7.8,0.535,0.2,0.8,0.224,4,7,0.572,0.547,1.5,2.4,0.641,1.9,3.3,5.1,2.3,1.7,0.7,1.4,2.8,10.1,,FALSE
2024-25,190,bouchch01,Chris Boucher,32,TOR,PF,50,0,17.2,3.6,7.4,0.492,1.4,3.9,0.363,2.2,3.5,0.633,0.586,1.4,1.7,0.782,1.4,3.1,4.5,0.7,0.5,0.5,0.6,1.4,10,,FALSE
2024-25,191,nembhan01,Andrew Nembhard,25,IND,SG,65,65,28.9,3.8,8.3,0.458,0.8,2.7,0.291,3,5.6,0.538,0.506,1.7,2.1,0.794,0.5,2.8,3.3,5,1.2,0.2,1.7,2.3,10,,FALSE
2024-25,192,willizi02,Ziaire Williams,23,BRK,SF,63,45,24.5,3.4,8.3,0.412,1.6,4.8,0.341,1.8,3.5,0.509,0.511,1.6,2,0.821,1,3.6,4.6,1.3,1,0.4,1.1,2.4,10,,FALSE
2024-25,193,huertke01,Kevin Huerter,26,2TM,SG,69,31,24.3,3.7,8.8,0.425,1.9,5.7,0.338,1.8,3.1,0.587,0.535,0.5,0.7,0.714,0.4,2.5,3,2.3,1,0.3,1,1.8,9.9,,TRUE
2024-25,194,niangge01,Georges Niang,31,2TM,PF,79,3,21.5,3.6,7.8,0.461,2.1,5.2,0.406,1.5,2.7,0.569,0.595,0.6,0.7,0.793,0.6,2.8,3.4,1.4,0.4,0.2,1,2.5,9.9,,TRUE
2024-25,195,champju02,Julian Champagnie,23,SAS,SF,82,29,23.6,3.4,8.1,0.415,2.2,5.9,0.371,1.2,2.3,0.53,0.549,1,1.1,0.904,0.8,3.1,3.9,1.4,0.7,0.4,0.9,1.4,9.9,,FALSE
2024-25,196,pippesc02,Scotty Pippen Jr.,24,MEM,PG,79,21,21.3,3.6,7.5,0.48,1.1,2.8,0.397,2.5,4.7,0.528,0.553,1.5,2.2,0.713,0.8,2.5,3.3,4.4,1.3,0.4,1.7,2.6,9.9,,FALSE
2024-25,197,smithni01,Nick Smith Jr.,20,CHO,SG,60,27,22.8,3.7,9.5,0.391,1.7,5.1,0.34,2,4.4,0.45,0.482,0.7,0.8,0.935,0.2,1.9,2.1,2.4,0.3,0.1,1.4,1.3,9.9,,FALSE
2024-25,198,carrica01,Bub Carrington,19,WAS,PG,82,57,30,3.7,9.1,0.401,1.7,5,0.339,2,4.2,0.475,0.493,0.8,1,0.812,0.4,3.8,4.2,4.4,0.7,0.3,1.7,2.3,9.8,,FALSE
2024-25,199,moodymo01,Moses Moody,22,GSW,SG,74,34,22.3,3.3,7.7,0.433,1.7,4.6,0.374,1.6,3.1,0.519,0.544,1.4,1.8,0.797,0.7,1.9,2.6,1.3,0.8,0.4,0.7,1.6,9.8,,FALSE
2024-25,200,coffeam01,Amir Coffey,27,LAC,SG,72,13,24.3,3.3,7.1,0.471,1.4,3.4,0.409,1.9,3.7,0.529,0.57,1.6,1.8,0.891,0.4,1.8,2.2,1.1,0.6,0.1,0.6,1.7,9.7,,FALSE
2024-25,201,chrisma02,Max Christie,21,2TM,SG,78,36,27.3,3.2,7.6,0.427,1.5,4,0.366,1.8,3.5,0.496,0.525,1.7,1.9,0.855,0.5,2.8,3.3,1.9,0.8,0.4,1.1,1.5,9.6,,TRUE
2024-25,202,filipky01,Kyle Filipowski,21,UTA,C,72,27,21.1,3.6,7.2,0.502,1.1,3.1,0.35,2.5,4.1,0.614,0.576,1.3,2,0.65,1.6,4.6,6.1,1.9,0.7,0.3,1.4,2.4,9.6,,FALSE
2024-25,203,evbuoto01,Tosan Evbuomwan,23,BRK,SF,28,0,23.8,3.4,7.9,0.427,0.9,2.8,0.312,2.5,5.1,0.49,0.482,2,2.6,0.753,1.1,3.1,4.3,2,0.9,0.4,1.4,2,9.5,,FALSE
2024-25,204,mcbrimi01,Miles McBride,24,NYK,SG,64,10,24.9,3.5,8.5,0.406,1.8,4.9,0.369,1.7,3.7,0.455,0.511,0.8,1,0.813,0.7,1.8,2.5,2.9,1,0.3,0.6,1.7,9.5,,FALSE
2024-25,205,wilsoja03,Jalen Wilson,24,BRK,PF,79,22,25.7,3.1,7.8,0.397,1.5,4.6,0.337,1.6,3.3,0.481,0.495,1.7,2.1,0.818,0.9,2.5,3.4,1.8,0.5,0.1,1,2.1,9.5,,FALSE
2024-25,206,alexani01,Nickeil Alexander-Walker,26,MIN,SG,82,10,25.3,3.3,7.5,0.438,1.7,4.5,0.381,1.6,3,0.524,0.553,1.1,1.4,0.78,0.7,2.6,3.2,2.7,0.6,0.4,1.2,1.7,9.4,6MOY-6,FALSE
2024-25,207,anthoco01,Cole Anthony,24,ORL,PG,67,22,18.4,3.4,8.1,0.424,1.1,3.3,0.353,2.3,4.9,0.471,0.494,1.4,1.7,0.823,0.7,2.4,3,2.9,0.7,0.5,1.5,2.3,9.4,,FALSE
2024-25,208,blackan01,Anthony Black,21,ORL,PG,78,10,24.2,3.4,7.9,0.423,0.8,2.5,0.318,2.6,5.4,0.471,0.473,1.9,2.5,0.761,0.7,2.3,2.9,3.1,1.1,0.6,1.8,2.1,9.4,,FALSE
2024-25,209,strusma01,Max Strus,28,CLE,SF,50,37,25.5,3.3,7.5,0.442,2.3,5.9,0.386,1,1.6,0.65,0.594,0.6,0.7,0.824,1.1,3.3,4.3,3.2,0.5,0.2,1.1,2.1,9.4,,FALSE
2024-25,210,vukcetr01,Tristan Vukcevic,21,WAS,C,35,1,14.7,3.4,6.9,0.496,1.1,2.9,0.373,2.3,4,0.586,0.574,1.5,1.9,0.776,0.7,3,3.7,1.1,0.3,0.7,1.2,1.6,9.4,,FALSE
2024-25,211,whitmca01,Cam Whitmore,20,HOU,SF,51,3,16.2,3.5,7.9,0.444,1.3,3.6,0.355,2.2,4.3,0.518,0.525,1.1,1.4,0.75,0.7,2.3,3,1,0.6,0.3,0.9,0.9,9.4,,FALSE
2024-25,212,richani01,Nick Richards,27,2TM,C,57,43,22,3.6,6.1,0.591,0,0,0,3.6,6.1,0.594,0.591,2.1,2.8,0.744,2.6,5.6,8.2,0.9,0.2,1,1.4,2.5,9.3,,TRUE
2024-25,213,wareke01,Kel'el Ware,20,MIA,C,64,36,22.2,4,7.3,0.554,0.5,1.7,0.315,3.5,5.5,0.629,0.592,0.7,1,0.687,1.8,5.6,7.4,0.9,0.6,1.1,0.9,1.7,9.3,ROY-6,FALSE
2024-25,214,edeyza01,Zach Edey,22,MEM,C,66,55,21.5,3.8,6.6,0.58,0.3,0.8,0.346,3.5,5.8,0.612,0.6,1.4,1.9,0.709,3.5,4.8,8.3,1,0.5,1.3,1.3,2.8,9.2,ROY-5,FALSE
2024-25,215,cartewe01,Wendell Carter Jr.,25,ORL,C,68,51,25.9,3.3,7.2,0.46,0.5,2.3,0.234,2.8,4.9,0.568,0.498,1.9,2.6,0.737,2.2,5,7.2,2,0.8,0.6,1.1,2.9,9.1,,FALSE
2024-25,216,clownno01,Noah Clowney,20,BRK,PF,46,20,22.7,2.9,8.1,0.358,1.9,5.7,0.333,1,2.4,0.414,0.474,1.5,1.7,0.838,0.9,3,3.9,0.9,0.5,0.5,1,2.3,9.1,,FALSE
2024-25,217,knechda01,Dalton Knecht,23,LAL,SF,78,16,19.2,3.3,7.1,0.461,1.6,4.4,0.376,1.7,2.8,0.594,0.576,0.8,1.1,0.762,0.5,2.3,2.8,0.8,0.3,0.1,0.5,1.2,9.1,,FALSE
2024-25,218,lawsoaj01,A.J. Lawson,24,TOR,SG,26,2,18.7,3.1,7.3,0.421,1.3,3.9,0.327,1.8,3.4,0.528,0.508,1.7,2.4,0.683,0.8,2.5,3.3,1.2,0.5,0.2,0.6,1.7,9.1,,FALSE
2024-25,219,mccontj01,T.J. McConnell,32,IND,PG,79,1,17.9,4.1,7.9,0.519,0.2,0.6,0.306,3.9,7.3,0.537,0.531,0.7,1,0.74,0.6,1.9,2.4,4.4,1.1,0.3,1.4,1,9.1,,FALSE
2024-25,220,missiyv01,Yves Missi,20,NOP,C,73,67,26.8,3.7,6.7,0.547,0,0,0,3.7,6.7,0.548,0.547,1.7,2.8,0.623,3.5,4.7,8.2,1.4,0.5,1.3,1.1,2,9.1,,FALSE
2024-25,221,onealro01,Royce O'Neale,31,PHO,SF,75,22,24.5,3.2,7.6,0.423,2.4,5.9,0.406,0.8,1.7,0.481,0.58,0.3,0.3,0.731,0.7,3.9,4.7,2.2,0.9,0.5,0.9,2,9.1,,FALSE
2024-25,222,butleja02,Jared Butler,24,2TM,SG,60,17,17.4,3.4,7.6,0.448,1,2.8,0.355,2.4,4.7,0.504,0.514,1.3,1.5,0.824,0.4,1.4,1.8,3.7,0.7,0.2,1.3,1.6,9,,TRUE
2024-25,223,smartma01,Marcus Smart,30,2TM,PG,34,7,20,3,7.6,0.393,1.4,4.1,0.348,1.5,3.4,0.448,0.488,1.6,2.1,0.761,0.5,1.6,2.1,3.2,1.1,0.3,1.6,1.6,9,,TRUE
2024-25,224,greendr01,Draymond Green,34,GSW,PF,68,66,29.2,3.2,7.5,0.424,1.2,3.6,0.325,2,3.9,0.517,0.503,1.5,2.2,0.687,1.1,5,6.1,5.6,1.5,1,2.6,3.2,9,DPOY-3DEF1,FALSE
2024-25,225,hayeski01,Killian Hayes,23,BRK,PG,6,5,27,3,7.2,0.419,1.3,3.5,0.381,1.7,3.7,0.455,0.512,1.7,2,0.833,0.8,2.2,3,5.2,0.7,0.7,1.5,2.2,9,,FALSE
2024-25,226,horfoal01,Al Horford,38,BOS,C,60,42,27.7,3.3,7.7,0.423,1.9,5.2,0.363,1.4,2.5,0.551,0.547,0.6,0.6,0.895,1.3,4.8,6.2,2.1,0.6,0.9,0.8,1.4,9,,FALSE
2024-25,227,strawju01,Julian Strawther,22,DEN,SG,65,4,21.3,3.2,7.5,0.432,1.4,4.1,0.349,1.8,3.3,0.535,0.529,1.1,1.4,0.822,0.3,1.9,2.2,1.3,0.6,0.2,0.9,2.3,9,,FALSE
2024-25,228,willipa01,Patrick Williams,23,CHI,PF,63,36,25,3.3,8.2,0.397,1.5,4.3,0.353,1.7,3.9,0.447,0.49,1,1.3,0.723,0.7,3.1,3.8,2,0.8,0.5,1.4,1.4,9,,FALSE
2024-25,229,nurkiju01,Jusuf Nurkić,30,2TM,C,51,32,20.8,3.3,6.9,0.477,0.6,2.1,0.305,2.7,4.8,0.551,0.523,1.7,2.5,0.664,1.7,6.1,7.8,2.3,0.8,0.7,1.9,2.5,8.9,,TRUE
2024-25,230,capelca01,Clint Capela,30,ATL,C,55,41,21.4,4,7.1,0.559,0,0,0,4,7.1,0.56,0.559,0.9,1.8,0.536,3.2,5.4,8.5,1.1,0.6,1,0.9,1.9,8.9,,FALSE
2024-25,231,juzanjo01,Johnny Juzang,23,UTA,SG,64,18,19.8,3.2,7.4,0.429,1.8,4.9,0.376,1.3,2.5,0.534,0.554,0.7,0.8,0.849,0.7,2.2,2.9,1.1,0.6,0.1,0.6,2,8.9,,FALSE
2024-25,232,kennalu01,Luke Kennard,28,MEM,SG,65,11,22.6,3.2,6.6,0.478,1.7,4,0.433,1.4,2.6,0.547,0.609,0.8,0.9,0.895,0.6,2.2,2.8,3.3,0.8,0.1,1.1,0.9,8.9,,FALSE
2024-25,233,champju01,Justin Champagnie,23,WAS,SF,62,31,21.6,3.4,6.6,0.511,1.2,3.1,0.383,2.2,3.5,0.624,0.601,0.8,1.2,0.685,1.8,3.9,5.7,1,1,0.6,0.9,1.8,8.8,,FALSE
2024-25,234,mykhasv01,Svi Mykhailiuk,27,UTA,SF,38,13,20,3.1,7.9,0.391,1.8,5.3,0.345,1.3,2.6,0.485,0.507,0.7,0.9,0.8,0.6,1.8,2.4,2,0.5,0.2,1.4,1.1,8.8,,FALSE
2024-25,235,paulch01,Chris Paul,39,SAS,PG,82,82,28,3,7.1,0.427,1.7,4.5,0.377,1.3,2.6,0.514,0.547,1,1.1,0.924,0.4,3.2,3.6,7.4,1.3,0.3,1.6,1.8,8.8,,FALSE
2024-25,236,olynyke01,Kelly Olynyk,33,2TM,C,44,22,20.3,3,6.1,0.5,0.8,1.8,0.418,2.3,4.3,0.534,0.562,1.9,2.5,0.769,1.4,3.3,4.7,2.9,0.8,0.4,1.7,2.8,8.7,,TRUE
2024-25,237,finnedo01,Dorian Finney-Smith,31,2TM,PF,63,40,28.9,3.1,6.9,0.448,2,5,0.411,1,1.9,0.545,0.597,0.5,0.7,0.667,1.3,2.7,3.9,1.4,0.9,0.4,0.9,2.2,8.7,,TRUE
2024-25,238,brissos01,Oshae Brissett,26,PHI,SF,6,2,23.7,3.2,6.5,0.487,1,3,0.333,2.2,3.5,0.619,0.564,1.3,2.3,0.571,1.2,2.5,3.7,0.7,0.7,0.5,1.3,2.3,8.7,,FALSE
2024-25,239,caldwke01,Kentavious Caldwell-Pope,31,ORL,SG,77,77,29.6,3.1,7.1,0.439,1.5,4.3,0.342,1.6,2.8,0.589,0.543,1.1,1.2,0.863,0.4,1.8,2.2,1.8,1.3,0.4,0.8,1.8,8.7,,FALSE
2024-25,240,colliis01,Isaiah Collier,20,UTA,PG,71,46,25.9,3.3,7.8,0.422,0.6,2.4,0.249,2.7,5.4,0.497,0.459,1.5,2.2,0.682,0.5,2.9,3.3,6.3,0.9,0.2,2.9,2.1,8.7,,FALSE
2024-25,241,exumda01,Danté Exum,29,DAL,PG,20,13,18.6,3.2,6.7,0.478,1.2,2.7,0.434,2.1,4.1,0.506,0.563,1.2,1.6,0.742,0.2,1.5,1.7,2.8,0.6,0.2,1.1,1.7,8.7,,FALSE
2024-25,242,georgky01,Kyshawn George,21,WAS,SG,68,38,26.5,3,8,0.372,1.7,5.2,0.322,1.3,2.8,0.464,0.476,1,1.4,0.753,0.7,3.5,4.2,2.5,1,0.7,1.4,3,8.7,,FALSE
2024-25,243,hardyja02,Jaden Hardy,22,DAL,SG,57,3,15.9,3.2,7.3,0.435,1.3,3.5,0.386,1.8,3.8,0.479,0.527,1.1,1.5,0.698,0.2,1.4,1.6,1.4,0.5,0.1,1.4,1.6,8.7,,FALSE
2024-25,244,livelde01,Dereck Lively II,20,DAL,C,36,29,23.1,3.7,5.3,0.702,0,0,,3.7,5.3,0.702,0.702,1.3,2,0.63,2.9,4.6,7.5,2.4,0.6,1.6,1.1,2.8,8.7,,FALSE
2024-25,245,martity01,Tyrese Martin,25,BRK,SG,60,11,21.9,3.2,7.8,0.406,1.7,4.7,0.351,1.5,3.1,0.492,0.513,0.8,1,0.793,1,2.7,3.7,2,0.6,0.2,1.2,1.3,8.7,,FALSE
2024-25,246,buzelma01,Matas Buzelis,20,CHI,SF,80,31,18.9,3.2,6.9,0.454,1.2,3.3,0.361,2,3.6,0.54,0.541,1.1,1.4,0.815,0.7,2.8,3.5,1,0.4,0.9,0.9,1.6,8.6,ROY-7,FALSE
2024-25,247,jaqueja01,Jaime Jaquez Jr.,23,MIA,SF,66,17,20.7,3.2,7,0.461,0.6,1.8,0.311,2.7,5.2,0.513,0.501,1.6,2.2,0.754,1.3,3.1,4.4,2.5,0.9,0.2,1.5,1.2,8.6,,FALSE
2024-25,248,walteja01,Ja'Kobe Walter,20,TOR,SG,52,18,21.2,3.1,7.6,0.405,1.3,3.6,0.349,1.8,4,0.454,0.487,1.3,1.6,0.795,1.1,1.9,3.1,1.6,0.8,0.2,1,1.8,8.6,,FALSE
2024-25,249,hausesa01,Sam Hauser,27,BOS,PF,71,19,21.7,3,6.7,0.451,2.3,5.6,0.416,0.7,1.1,0.64,0.627,0.2,0.2,1,0.6,2.5,3.2,0.9,0.6,0.2,0.3,1.2,8.5,,FALSE
2024-25,250,nancela02,Larry Nance Jr.,32,ATL,PF,24,3,19.3,3.3,6.5,0.516,1.4,3.2,0.447,1.9,3.3,0.582,0.626,0.4,0.5,0.692,1,3.3,4.3,1.6,0.8,0.5,0.7,1.5,8.5,,FALSE
2024-25,251,rhodeja01,Jared Rhoden,25,2TM,SG,14,2,16.2,3,6.2,0.483,0.9,2.8,0.308,2.1,3.4,0.625,0.552,1.6,1.8,0.88,1,2,3,1.1,0.7,0.1,0.6,1.4,8.4,,TRUE
2024-25,252,nowelja01,Jaylen Nowell,25,NOP,SG,8,0,21,3.3,9.1,0.356,1,3.4,0.296,2.3,5.8,0.391,0.411,0.9,1.4,0.636,0.8,1.8,2.5,2.3,0.1,0.5,1,1.1,8.4,,FALSE
2024-25,253,wallaca01,Cason Wallace,21,OKC,SG,68,43,27.6,3.4,7.2,0.474,1.1,3.1,0.356,2.3,4.1,0.562,0.55,0.4,0.5,0.811,1,2.3,3.4,2.5,1.8,0.5,0.9,2.1,8.4,,FALSE
2024-25,254,brownbr01,Bruce Brown,28,2TM,PG,41,12,22.5,3.2,7.5,0.421,0.7,2,0.333,2.5,5.6,0.452,0.464,1.3,1.6,0.815,1,3,4,2,0.8,0.2,1,1.7,8.3,,TRUE
2024-25,255,bantoda01,Dalano Banton,25,POR,PG,67,7,16.7,3,7.6,0.391,1.1,3.3,0.324,1.9,4.3,0.442,0.462,1.4,1.9,0.728,0.4,1.6,2,2.4,0.6,0.5,1.3,0.9,8.3,,FALSE
2024-25,256,clarkbr01,Brandon Clarke,28,MEM,PF,64,18,18.9,3.7,5.9,0.621,0,0.3,0.059,3.7,5.7,0.647,0.622,1,1.4,0.701,2,3.1,5.1,1,0.8,0.6,0.6,2.3,8.3,,FALSE
2024-25,257,elliske01,Keon Ellis,25,SAC,SG,80,28,24.4,2.8,5.8,0.489,1.7,4,0.433,1.1,1.8,0.615,0.639,0.9,1.1,0.849,0.8,1.9,2.7,1.5,1.5,0.8,0.9,2.2,8.3,,FALSE
2024-25,258,willibr03,Brandon Williams,25,DAL,PG,33,3,14.8,3,5.7,0.521,0.7,1.8,0.4,2.2,3.9,0.578,0.585,1.7,2,0.833,0.4,1.4,1.8,2.3,0.7,0.2,1.2,1,8.3,,FALSE
2024-25,259,conlemi01,Mike Conley,37,MIN,PG,71,64,24.7,2.6,6.6,0.4,1.8,4.4,0.41,0.8,2.2,0.38,0.535,1.1,1.3,0.9,0.5,2.1,2.6,4.5,1.1,0.2,1.1,1.6,8.2,,FALSE
2024-25,260,princta02,Taurean Prince,30,MIL,SF,80,73,27.1,2.9,6.4,0.457,1.8,4.2,0.439,1.1,2.2,0.492,0.6,0.5,0.6,0.813,0.4,3.2,3.6,1.9,1,0.2,1,2.1,8.2,,FALSE
2024-25,261,smithja04,Jalen Smith,24,CHI,C,64,2,15,3,6.4,0.466,1.1,3.5,0.324,1.8,2.9,0.634,0.554,1.1,1.4,0.809,1.4,4.2,5.6,1,0.3,0.7,0.6,1.5,8.2,,FALSE
2024-25,262,postqu01,Quinten Post,24,GSW,PF,42,14,16.3,2.9,6.5,0.449,1.7,4.3,0.408,1.2,2.3,0.526,0.582,0.5,0.6,0.778,0.8,2.7,3.5,1.3,0.4,0.4,0.8,2,8.1,,FALSE
2024-25,263,watsope01,Peyton Watson,22,DEN,SF,68,18,24.4,3,6.3,0.477,0.7,2,0.353,2.3,4.3,0.534,0.533,1.4,2,0.693,0.7,2.7,3.4,1.4,0.7,1.4,0.8,1.8,8.1,,FALSE
2024-25,264,mitchda01,Davion Mitchell,26,2TM,PG,74,37,27.4,3,6.4,0.468,1.1,2.9,0.398,1.9,3.6,0.525,0.557,0.8,1.1,0.69,0.5,1.8,2.3,4.9,1,0.2,1.7,2.5,7.9,,TRUE
2024-25,265,martica02,Caleb Martin,29,2TM,SF,45,24,27.1,2.9,6.8,0.424,0.8,2.3,0.359,2,4.5,0.458,0.485,1.4,2.2,0.622,1.2,2.8,3.9,2.1,1,0.5,1.2,1.9,7.9,,TRUE
2024-25,266,etienty01,Tyson Etienne,25,BRK,PG,7,0,21.6,2.4,7.4,0.327,1.9,6.3,0.295,0.6,1.1,0.5,0.452,1.1,1.4,0.8,0.4,0.9,1.3,1.7,0.4,0.1,1.1,2.4,7.9,,FALSE
2024-25,267,sharpda01,Day'Ron Sharpe,23,BRK,C,50,2,18.2,3.3,6.3,0.521,0.2,0.9,0.244,3.1,5.4,0.566,0.538,1.1,1.5,0.757,3,3.6,6.6,1.8,0.8,0.8,1.3,2.3,7.9,,FALSE
2024-25,268,simpskj01,KJ Simpson,22,CHO,PG,36,15,23.4,2.9,8.4,0.346,0.9,3.6,0.254,2,4.8,0.415,0.4,1.1,1.4,0.82,1.1,1.9,3,3.1,0.9,0.2,1.6,1.6,7.8,,FALSE
2024-25,269,mannte01,Terance Mann,28,2TM,SG,67,13,21.1,3.1,6.2,0.496,0.9,2.4,0.368,2.2,3.7,0.58,0.569,0.7,1,0.691,1,2,3,1.8,0.7,0.2,0.7,1.9,7.7,,TRUE
2024-25,270,matkoka01,Karlo Matković,23,NOP,PF,42,7,18.8,3.2,5.6,0.574,0.5,1.6,0.318,2.7,4,0.675,0.619,0.8,1,0.773,1.5,3.5,5,1.1,0.5,1,1,2.5,7.7,,FALSE
2024-25,271,johnsaj01,AJ Johnson,20,2TM,SG,29,11,22,2.8,7.3,0.385,0.8,3.1,0.267,2,4.2,0.472,0.441,1.1,1.3,0.865,0.3,1.8,2,2.6,0.4,0.1,1.2,1.7,7.6,,TRUE
2024-25,272,balllo01,Lonzo Ball,27,CHI,PG,35,14,22.2,2.5,6.9,0.366,1.9,5.6,0.344,0.6,1.4,0.458,0.504,0.6,0.8,0.815,0.7,2.7,3.4,3.3,1.3,0.5,1.2,1.6,7.6,,FALSE
2024-25,273,tshieos01,Oscar Tshiebwe,25,UTA,C,14,1,18.2,3,5,0.6,0,0,,3,5,0.6,0.6,1.6,2.2,0.742,3.3,5.4,8.7,0.6,0.9,0.1,0.7,1.7,7.6,,FALSE
2024-25,274,mathega01,Garrison Mathews,28,ATL,SG,47,2,17.7,2.2,5.5,0.397,1.8,4.6,0.39,0.4,0.8,0.436,0.562,1.4,1.7,0.821,0.3,1.6,1.9,1.3,0.6,0.3,0.7,1.7,7.5,,FALSE
2024-25,275,thybuma01,Matisse Thybulle,27,POR,SG,15,5,20.8,2.8,5.9,0.477,1.4,3.2,0.438,1.4,2.7,0.525,0.597,0.5,1,0.467,0.9,2.5,3.5,1.9,2.2,0.6,0.9,0.9,7.5,,FALSE
2024-25,276,greenaj01,A.J. Green,25,MIL,SG,73,7,22.7,2.5,5.8,0.429,2.1,5,0.427,0.4,0.8,0.443,0.612,0.3,0.4,0.815,0.2,2.1,2.4,1.5,0.5,0.1,0.5,2.2,7.4,,FALSE
2024-25,277,greenjo02,Josh Green,24,CHO,SG,68,67,27.8,2.6,6.2,0.428,1.4,3.6,0.391,1.2,2.5,0.48,0.543,0.7,1.1,0.681,0.8,1.7,2.5,1.6,1.1,0.2,1,2.4,7.4,,FALSE
2024-25,278,holmeri01,Richaun Holmes,31,WAS,PF,31,7,17.2,2.9,4.5,0.647,0,0.1,0,2.9,4.4,0.662,0.647,1.6,1.9,0.833,2,3.7,5.7,1.4,0.3,0.7,0.7,1.6,7.4,,FALSE
2024-25,279,baughda01,Damion Baugh,24,CHO,SG,15,2,24.7,2.8,8.7,0.323,0.8,3.7,0.214,2,4.9,0.405,0.369,0.9,1,0.867,0.9,2.4,3.3,3.7,1,0.1,2.1,1.5,7.3,,FALSE
2024-25,280,burksal01,Alec Burks,33,MIA,SG,49,14,17.6,2.3,5.5,0.424,1.8,4.2,0.425,0.6,1.3,0.422,0.587,0.8,1,0.776,0.3,2.2,2.5,1.1,0.6,0.1,0.6,0.8,7.3,,FALSE
2024-25,281,councri01,Ricky Council IV,23,PHI,SF,73,12,17.1,2.4,6.3,0.382,0.8,2.9,0.258,1.7,3.4,0.488,0.442,1.7,2.1,0.804,0.7,2.2,2.9,1.3,0.4,0.2,0.7,0.9,7.3,,FALSE
2024-25,282,drumman01,Andre Drummond,31,PHI,C,40,23,18.8,2.9,5.9,0.5,0.1,0.5,0.15,2.9,5.4,0.533,0.506,1.4,2.3,0.622,2.7,5,7.8,0.9,1,0.5,1.4,2.4,7.3,,FALSE
2024-25,283,jonestr01,Tre Jones,25,2TM,PG,46,9,19.7,2.8,5.2,0.538,0.4,1,0.396,2.4,4.1,0.574,0.578,1.2,1.5,0.821,0.7,1.8,2.5,4.2,0.8,0.2,0.8,1.2,7.2,,TRUE
2024-25,284,bitadgo01,Goga Bitadze,25,ORL,C,70,42,20.4,3,4.8,0.611,0,0.4,0.107,2.9,4.4,0.656,0.615,1.2,1.9,0.639,2.4,4.2,6.6,2,0.7,1.4,1,2.1,7.2,,FALSE
2024-25,285,dasiltr01,Tristan Da Silva,23,ORL,SF,74,38,22,2.7,6.5,0.412,1.1,3.2,0.335,1.6,3.3,0.488,0.495,0.7,0.9,0.873,1,2.3,3.3,1.5,0.4,0.2,0.8,1.3,7.2,,FALSE
2024-25,286,jacksgg01,GG Jackson II,20,MEM,PF,29,3,15.8,2.6,6.9,0.372,1.1,3.3,0.337,1.4,3.6,0.404,0.452,1,1.4,0.725,0.9,2.2,3.2,1,0.4,0.2,1.1,1,7.2,,FALSE
2024-25,287,krejcvi01,Vít Krejčí,24,ATL,PG,57,16,20.2,2.5,5.1,0.497,1.6,3.6,0.437,1,1.5,0.64,0.651,0.6,0.8,0.711,0.4,2.4,2.7,2.6,0.6,0.5,0.9,1.8,7.2,,FALSE
2024-25,288,merrisa01,Sam Merrill,28,CLE,SG,71,4,19.7,2.4,6,0.406,1.9,5.2,0.372,0.5,0.8,0.625,0.567,0.4,0.4,0.966,0.5,1.7,2.2,1.5,0.7,0.2,0.5,1.7,7.2,,FALSE
2024-25,289,plowdda01,Daeqwon Plowden,26,ATL,SG,6,0,12,2.7,4.2,0.64,1.5,2.8,0.529,1.2,1.3,0.875,0.82,0.3,0.3,1,0.7,1.2,1.8,0.3,0,0,0.7,1.7,7.2,,FALSE
2024-25,290,tomlina01,Nae'Qwan Tomlin,24,CLE,PF,5,1,12.6,2.6,6.4,0.406,0.4,2,0.2,2.2,4.4,0.5,0.438,1.6,2.2,0.727,1.8,2.4,4.2,0.4,0,0.2,0.4,1.8,7.2,,FALSE
2024-25,291,okogijo01,Josh Okogie,26,2TM,SG,40,7,15.6,2.4,5.3,0.443,0.8,2.3,0.348,1.6,3,0.517,0.519,1.6,2.1,0.741,1.1,1.7,2.8,0.8,1.2,0.5,0.8,1.2,7.1,,TRUE
2024-25,292,hoodsja01,Jalen Hood-Schifino,21,2TM,SG,15,0,21,2.5,6.5,0.378,0.9,3.1,0.304,1.5,3.5,0.442,0.449,1.2,1.4,0.857,0.2,1.6,1.8,2.5,0.3,0.5,1.2,1.7,7.1,,TRUE
2024-25,293,battlja01,Jamison Battle,23,TOR,SF,59,10,17.7,2.5,5.9,0.429,1.8,4.4,0.405,0.7,1.5,0.5,0.581,0.3,0.3,0.889,0.6,2.1,2.7,0.9,0.3,0.2,0.5,1.6,7.1,,FALSE
2024-25,294,carusal01,Alex Caruso,30,OKC,SG,54,3,19.3,2.6,5.8,0.446,1.1,3.1,0.353,1.5,2.7,0.556,0.541,0.8,0.9,0.824,0.7,2.2,2.9,2.5,1.6,0.6,0.7,1.9,7.1,6MOY-8,FALSE
2024-25,295,sheadja01,Jamal Shead,22,TOR,PG,75,11,19.6,2.7,6.7,0.405,1,3,0.323,1.8,3.7,0.47,0.476,0.7,0.9,0.768,0.4,1.1,1.5,4.2,0.8,0.1,1.6,2.1,7.1,,FALSE
2024-25,296,dowtije01,Jeff Dowtin Jr.,27,PHI,PG,41,3,15.1,2.7,5.6,0.487,0.7,1.7,0.4,2,3.9,0.525,0.548,0.8,1.1,0.733,0.3,1.2,1.5,1.9,0.6,0.3,0.4,0.7,7,,FALSE
2024-25,297,garrema01,Marcus Garrett,26,CHO,SG,4,0,19.8,2.8,6.8,0.407,0.8,2,0.375,2,4.8,0.421,0.463,0.8,1,0.75,0.3,1.3,1.5,3.3,0.8,0.5,1.5,2.5,7,,FALSE
2024-25,298,jacksis01,Isaiah Jackson,23,IND,C,5,1,16.8,2.8,4.6,0.609,0,0,,2.8,4.6,0.609,0.609,1.4,2.8,0.5,2.2,3.4,5.6,1,0.6,1.6,1,2.8,7,,FALSE
2024-25,299,simsja01,Jaylen Sims,26,CHO,SG,6,0,18.7,2,4.7,0.429,1,2.5,0.4,1,2.2,0.462,0.536,2,2.5,0.8,0.5,0.5,1,2,0.5,0.2,1.3,1.7,7,,FALSE
2024-25,300,robinor01,Orlando Robinson,24,2TM,C,44,8,17.5,2.6,5.9,0.444,0.4,1.2,0.327,2.3,4.8,0.474,0.477,1.2,1.6,0.771,2,3,5,1.8,0.4,0.4,1.1,2.3,6.9,,TRUE
2024-25,301,laravja01,Jake LaRavia,23,2TM,PF,66,0,20.4,2.4,5.1,0.475,0.9,2.2,0.423,1.5,3,0.513,0.564,1.2,1.7,0.678,1.4,2.6,3.9,2.4,0.9,0.3,1.3,2,6.9,,TRUE
2024-25,302,dunnry01,Ryan Dunn,22,PHO,SF,74,44,19.1,2.8,6.4,0.43,1.1,3.6,0.311,1.7,2.9,0.577,0.516,0.3,0.5,0.487,1.2,2.4,3.6,0.8,0.6,0.5,0.5,2.2,6.9,,FALSE
2024-25,303,huffja01,Jay Huff,26,MEM,C,64,2,11.7,2.5,4.8,0.515,1.3,3.1,0.405,1.2,1.6,0.724,0.648,0.7,0.9,0.786,0.5,1.5,2,0.6,0.3,0.9,0.5,1.2,6.9,,FALSE
2024-25,304,payneca01,Cameron Payne,30,NYK,PG,72,5,15.1,2.5,6.2,0.401,1.3,3.6,0.363,1.2,2.6,0.453,0.506,0.7,0.8,0.907,0.2,1.3,1.4,2.8,0.5,0.2,0.7,1.5,6.9,,FALSE
2024-25,305,reevean01,Antonio Reeves,24,NOP,SG,44,6,15,2.6,5.6,0.456,1.2,2.9,0.395,1.4,2.7,0.521,0.558,0.6,0.8,0.8,0.4,1,1.4,0.9,0.5,0.1,0.7,0.9,6.9,,FALSE
2024-25,306,martico01,Cody Martin,29,2TM,SF,53,8,22.1,2.6,6.1,0.418,0.8,2.8,0.285,1.8,3.3,0.534,0.485,0.8,1.2,0.705,1,3.2,4.2,2,1.1,0.6,1,1.8,6.8,,TRUE
2024-25,307,bolbo01,Bol Bol,25,PHO,PF,36,10,12.4,2.7,5.1,0.525,0.9,2.6,0.344,1.8,2.5,0.711,0.612,0.6,0.7,0.769,0.6,2.3,2.9,0.6,0.3,0.7,0.6,0.6,6.8,,FALSE
2024-25,308,gordoer01,Eric Gordon,36,PHI,SG,39,13,19.7,2.2,5.2,0.426,1.4,3.5,0.409,0.8,1.7,0.463,0.564,0.9,1.2,0.75,0.2,1,1.2,1.7,0.7,0.3,0.7,0.8,6.8,,FALSE
2024-25,309,hayesja02,Jaxson Hayes,24,LAL,C,56,35,19.5,2.9,4,0.722,0,0.1,0,2.9,3.9,0.732,0.722,1.1,1.8,0.622,1.4,3.4,4.8,1,0.6,0.9,0.8,2.4,6.8,,FALSE
2024-25,310,baglema02,Marcus Bagley,23,PHI,SF,10,4,25.3,2.7,6.9,0.391,0.5,3.2,0.156,2.2,3.7,0.595,0.428,0.8,1,0.8,2.3,4.7,7,1,0.9,1.2,0.7,1.6,6.7,,FALSE
2024-25,311,jeffrda01,DaQuan Jeffries,27,CHO,SG,47,20,22.8,2.5,6.2,0.405,1.2,3.5,0.335,1.3,2.7,0.496,0.5,0.5,0.6,0.8,0.8,2.1,2.9,1.1,0.6,0.5,0.7,2.1,6.7,,FALSE
2024-25,312,quinole01,Lester Quiñones,24,2TM,SG,13,0,14.1,2.4,6,0.397,1,3.4,0.295,1.4,2.6,0.529,0.481,0.8,1,0.846,0.3,1.2,1.5,1.8,0.2,0.2,1.1,1.4,6.6,,TRUE
2024-25,313,micicva01,Vasilije Micić,31,2TM,PG,41,16,19.1,2.3,6.7,0.348,1.1,3,0.36,1.2,3.6,0.338,0.43,0.8,1,0.829,0.5,1.7,2.2,3.1,0.4,0,1.9,1.1,6.6,,TRUE
2024-25,314,achiupr01,Precious Achiuwa,25,NYK,C,57,10,20.5,2.9,5.7,0.502,0.2,0.6,0.278,2.7,5.1,0.529,0.517,0.7,1.2,0.594,1.8,3.8,5.6,1,0.8,0.7,0.8,1.4,6.6,,FALSE
2024-25,315,jackstr02,Trayce Jackson-Davis,24,GSW,C,62,37,15.6,2.8,4.9,0.576,0,0,0,2.8,4.8,0.582,0.576,1,1.6,0.578,2,3,5,1.7,0.4,0.6,0.7,1.2,6.6,,FALSE
2024-25,316,sassema01,Marcus Sasser,24,DET,PG,57,1,14.2,2.4,5.2,0.463,1,2.7,0.382,1.4,2.5,0.549,0.561,0.8,0.9,0.843,0.3,0.9,1.2,2.3,0.6,0.1,0.9,1.3,6.6,,FALSE
2024-25,317,willivi01,Vince Williams Jr.,24,MEM,SG,27,5,18.5,2.5,6.2,0.401,1,3.5,0.274,1.5,2.7,0.569,0.479,0.7,0.9,0.792,0.8,2.8,3.6,2,0.4,0.3,1.2,1.7,6.6,,FALSE
2024-25,318,bryanth01,Thomas Bryant,27,2TM,C,66,8,14.6,2.5,4.9,0.508,0.7,2.2,0.324,1.7,2.6,0.665,0.583,0.8,1,0.859,1.3,2.5,3.8,0.8,0.4,0.6,0.5,1.2,6.5,,TRUE
2024-25,319,clingdo01,Donovan Clingan,20,POR,C,67,37,19.8,2.7,5,0.539,0.2,0.7,0.286,2.5,4.3,0.582,0.56,0.9,1.6,0.596,3.2,4.6,7.9,1.1,0.5,1.6,1.1,2.8,6.5,,FALSE
2024-25,320,curryse01,Seth Curry,34,CHO,SG,68,14,15.6,2.4,5,0.478,1.2,2.7,0.456,1.2,2.4,0.503,0.599,0.5,0.6,0.846,0.4,1.3,1.7,0.9,0.4,0.1,0.5,0.9,6.5,,FALSE
2024-25,321,highsha01,Haywood Highsmith,28,MIA,SF,74,42,24.6,2.4,5.3,0.458,1.2,3.1,0.382,1.2,2.1,0.57,0.572,0.4,0.6,0.721,1,2.4,3.4,1.5,0.9,0.5,0.7,2.2,6.5,,FALSE
2024-25,322,hortota01,Talen Horton-Tucker,24,CHI,SG,58,0,12.5,2.3,5,0.457,0.7,2.1,0.336,1.6,2.9,0.544,0.527,1.2,1.7,0.735,0.3,1.4,1.7,1.4,0.4,0.2,0.7,1,6.5,,FALSE
2024-25,323,lylestr01,Trey Lyles,29,SAC,PF,69,5,19.6,2.3,5.4,0.42,1.2,3.4,0.34,1.1,2,0.559,0.528,0.8,1.2,0.7,1.2,3.4,4.6,1.2,0.6,0.3,0.6,1.2,6.5,,FALSE
2024-25,324,mitchaj01,Ajay Mitchell,22,OKC,SG,36,1,16.6,2.5,5.1,0.495,0.6,1.7,0.383,1.9,3.4,0.548,0.557,0.8,1,0.829,0.5,1.4,1.9,1.8,0.7,0.1,0.8,1.9,6.5,,FALSE
2024-25,325,paytoga02,Gary Payton II,32,GSW,SG,62,11,15,2.8,4.8,0.574,0.5,1.5,0.326,2.3,3.3,0.69,0.626,0.4,0.6,0.711,0.9,2.1,3,1.3,0.8,0.3,0.6,1.7,6.5,,FALSE
2024-25,326,colliza01,Zach Collins,27,2TM,PF,64,12,15.3,2.4,4.7,0.507,0.5,1.7,0.302,1.9,3.1,0.617,0.56,1.1,1.2,0.885,1.6,2.9,4.5,1.7,0.5,0.5,0.9,2.1,6.4,,TRUE
2024-25,327,dunnkr01,Kris Dunn,30,LAC,PG,74,58,24.1,2.6,5.9,0.439,1,3,0.335,1.6,2.9,0.549,0.525,0.2,0.3,0.682,0.7,2.7,3.4,2.8,1.7,0.4,1,2.7,6.4,,FALSE
2024-25,328,hollaro01,Ron Holland,19,DET,SF,81,2,15.6,2.4,5.1,0.474,0.4,1.9,0.238,2,3.3,0.608,0.517,1.1,1.5,0.754,0.5,2.2,2.7,1,0.6,0.2,0.9,1.7,6.4,,FALSE
2024-25,329,martike04,KJ Martin,24,2TM,PF,43,16,21.2,2.6,4.7,0.552,0.3,1.3,0.259,2.2,3.3,0.671,0.59,0.9,1.1,0.787,0.7,2.2,2.9,1.1,0.4,0.5,0.6,2.3,6.4,,TRUE
2024-25,330,vincega01,Gabe Vincent,28,LAL,PG,72,11,21.2,2.3,5.8,0.4,1.5,4.3,0.353,0.8,1.5,0.532,0.53,0.2,0.3,0.714,0.3,1,1.3,1.4,0.7,0.2,0.6,2.1,6.4,,FALSE
2024-25,331,mamuksa01,Sandro Mamukelashvili,25,SAS,PF,61,0,11.2,2.3,4.6,0.502,1,2.6,0.373,1.3,2,0.675,0.609,0.7,1,0.741,1,2,3.1,0.8,0.4,0.3,0.4,1,6.3,,FALSE
2024-25,332,robinje02,Jeremiah Robinson-Earl,24,NOP,PF,66,9,18.8,2.4,5.3,0.455,0.8,2.5,0.341,1.5,2.8,0.557,0.536,0.7,0.8,0.836,1.7,3.1,4.8,1.3,0.6,0.1,0.8,1.2,6.3,,FALSE
2024-25,333,willike04,Kenrich Williams,30,OKC,PF,69,7,16.4,2.5,5.1,0.483,1,2.5,0.386,1.5,2.7,0.574,0.576,0.4,0.6,0.718,0.9,2.6,3.5,1.4,0.6,0.1,0.6,1.6,6.3,,FALSE
2024-25,334,hylanbo01,Bones Hyland,24,2TM,PG,24,0,10,2,4.9,0.398,1.3,3.4,0.39,0.6,1.5,0.417,0.534,1,1.1,0.885,0.2,0.8,1,1.3,0.8,0.2,1,1.2,6.2,,TRUE
2024-25,335,mogbojo01,Jonathan Mogbo,23,TOR,PF,63,18,20.4,2.5,5.7,0.438,0.3,1.1,0.243,2.2,4.5,0.486,0.462,1,1.3,0.732,1.7,3.2,4.9,2.3,0.9,0.5,1.1,2.2,6.2,,FALSE
2024-25,336,rolliry01,Ryan Rollins,22,MIL,PG,56,19,14.6,2.4,4.8,0.487,0.9,2.1,0.408,1.5,2.7,0.55,0.577,0.6,0.8,0.8,0.4,1.6,1.9,1.9,0.8,0.3,0.9,1.6,6.2,,FALSE
2024-25,337,smithdr01,Dru Smith,27,MIA,SG,14,1,19.1,2.2,4.4,0.508,1.1,2.1,0.533,1.1,2.2,0.484,0.639,0.6,0.9,0.75,0.9,1.7,2.6,1.6,1.5,0.4,1.2,2.1,6.2,,FALSE
2024-25,338,okorois01,Isaac Okoro,24,CLE,SG,55,22,19.1,2.3,4.9,0.464,1,2.7,0.371,1.2,2.1,0.586,0.569,0.6,0.8,0.717,0.9,1.5,2.4,1.2,0.6,0.3,0.4,1.9,6.1,,FALSE
2024-25,339,walkeja02,Jarace Walker,21,IND,PF,75,5,15.8,2.3,4.8,0.472,1,2.5,0.405,1.3,2.3,0.543,0.576,0.6,0.9,0.667,0.3,2.7,3.1,1.5,0.7,0.3,1,1.5,6.1,,FALSE
2024-25,340,nfalyda01,N'Faly Dante,23,HOU,C,4,0,12.8,2.5,3.3,0.769,0,0,,2.5,3.3,0.769,0.769,1,1.3,0.8,1.5,3.8,5.3,0.5,0.3,1.3,0.5,2.3,6,,FALSE
2024-25,341,gueyemo02,Mouhamed Gueye,22,ATL,PF,33,28,16.2,2.2,5.2,0.421,0.6,2.5,0.259,1.5,2.7,0.567,0.482,1,1.3,0.762,1.3,2.9,4.2,0.8,0.8,1,0.5,1.7,6,,FALSE
2024-25,342,kornelu01,Luke Kornet,29,BOS,C,73,16,18.6,2.6,3.8,0.668,0,0,0,2.6,3.8,0.675,0.668,0.9,1.3,0.691,2.6,2.7,5.3,1.6,0.5,1,0.4,1.6,6,,FALSE
2024-25,343,mobleis01,Isaiah Mobley,25,PHI,PF,1,0,17,2,7,0.286,1,3,0.333,1,4,0.25,0.357,1,2,0.5,1,3,4,5,1,1,0,3,6,,FALSE
2024-25,344,stewais01,Isaiah Stewart,23,DET,C,72,4,19.9,2.4,4.4,0.559,0.2,0.7,0.321,2.2,3.6,0.607,0.586,0.9,1.2,0.759,1.8,3.7,5.5,1.7,0.4,1.4,0.9,2.5,6,,FALSE
2024-25,345,wisemja01,James Wiseman,23,IND,C,1,0,5,2,4,0.5,0,1,0,2,3,0.667,0.5,2,2,1,0,1,1,0,0,0,0,0,6,,FALSE
2024-25,346,wongis01,Isaiah Wong,24,CHO,SG,20,0,13.3,2.1,5.3,0.39,0.7,1.7,0.394,1.4,3.6,0.389,0.452,1.3,1.7,0.735,0.7,0.9,1.6,1.4,0.6,0,0.9,1.1,6,,FALSE
2024-25,347,swideco01,Cole Swider,25,2TM,SF,10,0,16.9,2.2,6.3,0.349,1.5,4.7,0.319,0.7,1.6,0.438,0.468,0,0.1,0,0.5,2.2,2.7,0.3,0.4,0.2,0.4,1.2,5.9,,TRUE
2024-25,348,okekech01,Chuma Okeke,26,2TM,PF,9,3,21.8,2.2,4.4,0.5,1.2,3.1,0.393,1,1.3,0.75,0.638,0.2,0.3,0.667,2.3,2.9,5.2,1.7,0.6,0.4,0.3,0.6,5.9,,TRUE
2024-25,349,anderky01,Kyle Anderson,31,2TM,PF,61,4,16.4,2.3,5,0.469,0.4,1.1,0.357,1.9,3.8,0.502,0.51,0.8,1.1,0.738,0.9,2.5,3.4,2.4,0.7,0.5,0.6,1.3,5.9,,TRUE
2024-25,350,fontesi01,Simone Fontecchio,29,DET,SF,75,0,16.5,2,5,0.402,1,3,0.335,1,1.9,0.507,0.504,0.9,1.1,0.833,0.7,2.2,2.9,0.9,0.4,0.2,0.7,1.3,5.9,,FALSE
2024-25,351,gilleco01,Collin Gillespie,25,PHO,PG,33,9,14,2.1,4.8,0.43,1.2,2.7,0.433,0.9,2.1,0.426,0.554,0.6,0.7,0.864,0.7,1.7,2.4,2.4,0.6,0.2,0.5,0.9,5.9,,FALSE
2024-25,352,salauti01,Tidjane Salaün,19,CHO,PF,60,10,20.7,1.9,5.8,0.33,1,3.4,0.283,0.9,2.3,0.4,0.414,1.1,1.6,0.713,1.2,3.5,4.7,1.2,0.5,0.2,1,1.4,5.9,,FALSE
2024-25,353,willija07,Jaylin Williams,22,OKC,PF,47,9,16.7,2.1,4.7,0.439,1.3,3.3,0.399,0.8,1.4,0.529,0.577,0.5,0.6,0.767,1,4.6,5.6,2.6,0.5,0.6,0.7,1.7,5.9,,FALSE
2024-25,354,brownmo01,Moses Brown,25,2TM,C,13,2,9.2,2.6,3.8,0.694,0,0,,2.6,3.8,0.694,0.694,0.6,0.8,0.727,0.9,2.5,3.4,0.2,0.5,0.3,0.8,1.3,5.8,,TRUE
2024-25,355,bonaad01,Adem Bona,21,PHI,C,58,11,15.6,2.3,3.3,0.703,0,0,0,2.3,3.3,0.707,0.703,1.2,1.7,0.67,1.6,2.6,4.2,0.5,0.4,1.2,1.1,2.2,5.8,,FALSE
2024-25,356,jacksqu01,Quenton Jackson,26,IND,PG,28,7,13.6,2.1,4.4,0.475,0.5,1.4,0.375,1.5,2.9,0.524,0.537,1.1,1.4,0.775,0.5,1.1,1.6,1.9,0.8,0.2,0.6,1.5,5.8,,FALSE
2024-25,357,williro04,Robert Williams,27,POR,C,20,3,17.6,2.5,3.9,0.641,0.1,0.2,0.333,2.5,3.8,0.653,0.647,0.8,0.9,0.882,1.8,4.2,5.9,1.1,0.7,1.7,0.9,1.6,5.8,,FALSE
2024-25,358,diabamo01,Moussa Diabaté,23,CHO,C,71,8,17.5,2.4,3.9,0.596,0,0.1,0,2.4,3.9,0.609,0.596,1,1.6,0.595,2.6,3.5,6.2,0.8,0.6,0.6,0.9,1.5,5.7,,FALSE
2024-25,359,shamela01,Landry Shamet,27,NYK,SG,50,0,15.2,2.1,4.6,0.461,1.2,3.1,0.397,0.9,1.5,0.595,0.596,0.2,0.4,0.667,0.2,1,1.2,0.5,0.5,0,0.4,1,5.7,,FALSE
2024-25,360,whiteda01,Dariq Whitehead,20,BRK,SF,20,0,12.3,2,4.8,0.406,1.7,3.7,0.446,0.3,1.1,0.273,0.578,0.2,0.3,0.6,0.2,1.3,1.5,0.6,0.3,0.1,0.8,1.1,5.7,,FALSE
2024-25,361,goodwjo01,Jordan Goodwin,26,LAL,PG,29,5,18.7,2.2,5,0.438,0.9,2.3,0.382,1.3,2.6,0.487,0.528,0.3,0.4,0.818,1.3,2.6,3.9,1.4,1,0.4,0.9,1.5,5.6,,FALSE
2024-25,362,miltosh01,Shake Milton,28,2TM,SG,57,2,14.7,2,4.5,0.453,0.7,1.9,0.358,1.4,2.6,0.52,0.528,0.8,1,0.797,0.5,1.3,1.8,1.8,0.4,0.1,0.7,1.2,5.5,,TRUE
2024-25,363,holidaa01,Aaron Holiday,28,HOU,PG,62,3,12.8,1.9,4.3,0.437,1.2,2.9,0.398,0.7,1.4,0.517,0.571,0.5,0.7,0.829,0.2,1,1.3,1.3,0.3,0.2,0.6,1,5.5,,FALSE
2024-25,364,greenje02,Jeff Green,38,HOU,PF,32,3,12.4,1.9,3.8,0.504,0.9,2.5,0.367,1,1.3,0.762,0.624,0.7,0.8,0.808,0.3,1.5,1.8,0.6,0.2,0.1,0.3,1,5.4,,FALSE
2024-25,365,isaacjo01,Jonathan Isaac,27,ORL,PF,71,1,15.4,1.9,4.6,0.414,0.5,2.1,0.258,1.3,2.4,0.549,0.474,1,1.5,0.682,1.7,2.7,4.4,0.6,0.9,1.1,0.5,1.3,5.4,,FALSE
2024-25,366,wadede01,Dean Wade,28,CLE,PF,59,30,21.2,1.9,4.6,0.413,1.4,3.8,0.36,0.5,0.8,0.653,0.561,0.3,0.5,0.533,0.9,3.4,4.2,1.3,0.7,0.3,0.4,1.7,5.4,,FALSE
2024-25,367,wallake01,Keaton Wallace,25,ATL,PG,31,5,16.2,2.1,5.2,0.401,0.9,2.6,0.329,1.2,2.6,0.475,0.485,0.4,0.4,1,0.2,1.4,1.6,2.6,0.9,0.3,1.1,1.3,5.4,,FALSE
2024-25,368,bufkiko01,Kobe Bufkin,21,ATL,SG,10,0,12.4,1.8,4.7,0.383,0.4,1.9,0.211,1.4,2.8,0.5,0.426,1.3,1.8,0.722,0.5,1.6,2.1,1.7,0.3,0.2,0.8,0.9,5.3,,FALSE
2024-25,369,cainja01,Jamal Cain,25,NOP,SF,37,0,13.6,1.8,4.3,0.43,0.7,2.2,0.325,1.1,2.1,0.538,0.513,0.9,1.4,0.68,0.7,1.6,2.3,0.6,0.6,0.2,0.6,1.2,5.3,,FALSE
2024-25,370,connapa01,Pat Connaughton,32,MIL,SG,41,1,14.7,2,4.3,0.469,0.6,2,0.321,1.4,2.3,0.594,0.542,0.6,0.8,0.774,0.5,2.2,2.7,1.7,0.2,0.3,0.6,1.1,5.3,,FALSE
2024-25,371,loveke01,Kevin Love,36,MIA,PF,23,9,10.9,1.8,5,0.357,1,2.9,0.358,0.7,2.1,0.354,0.461,0.7,1,0.696,1,3.1,4.1,1,0.7,0.2,0.6,0.9,5.3,,FALSE
2024-25,372,sheppbe01,Ben Sheppard,23,IND,SG,63,9,19.5,1.9,4.6,0.418,1.1,3.2,0.342,0.8,1.4,0.591,0.537,0.4,0.4,0.889,0.7,2.1,2.8,1.3,0.6,0.2,0.3,2,5.3,,FALSE
2024-25,373,morrimo01,Monte Morris,29,PHO,PG,45,0,12.7,1.8,4.3,0.426,0.7,1.9,0.36,1.2,2.4,0.477,0.505,0.8,0.9,0.857,0.3,1.2,1.5,1.6,0.4,0.1,0.5,0.5,5.2,,FALSE
2024-25,374,walkeja01,Jabari Walker,22,POR,PF,60,1,12.5,2,3.8,0.515,0.5,1.2,0.389,1.5,2.6,0.573,0.576,0.8,1.2,0.69,1,2.5,3.5,0.6,0.6,0.1,0.6,1.5,5.2,,FALSE
2024-25,375,greenja02,Javonte Green,31,2TM,SG,68,19,18.5,1.8,4.2,0.429,0.7,2.1,0.326,1.1,2.1,0.527,0.509,0.8,1.1,0.724,0.9,2.3,3.2,0.8,1,0.5,0.5,1.4,5.1,,TRUE
2024-25,376,reeseal01,Alex Reese,25,2TM,PF,15,0,14.4,1.7,3.6,0.481,1,2.7,0.366,0.7,0.9,0.846,0.62,0.6,0.8,0.75,0.6,2.5,3.1,0.3,0.7,0.7,0.4,1.4,5.1,,TRUE
2024-25,377,biyombi01,Bismack Biyombo,32,SAS,C,28,26,18.9,2.4,4.1,0.588,0,0,,2.4,4.1,0.588,0.588,0.4,0.9,0.4,1.5,4.1,5.6,1.1,0.6,0.8,1,1.9,5.1,,FALSE
2024-25,378,robinmi01,Mitchell Robinson,26,NYK,C,17,3,17.1,2.2,3.3,0.661,0,0,,2.2,3.3,0.661,0.661,0.8,1.1,0.684,3.1,2.9,5.9,0.8,0.9,1.1,0.6,1.5,5.1,,FALSE
2024-25,379,joneska01,Kai Jones,24,2TM,C,40,6,11.7,2.2,2.7,0.798,0,0.1,0.2,2.2,2.6,0.827,0.803,0.6,0.8,0.719,1,2.1,3.1,0.6,0.4,0.6,0.5,1.3,5,,TRUE
2024-25,380,simmobe01,Ben Simmons,28,2TM,PG,51,24,22,2.3,4.4,0.52,0,0,,2.3,4.4,0.52,0.52,0.5,0.6,0.727,0.9,3.8,4.7,5.6,0.7,0.5,2,2.1,5,,TRUE
2024-25,381,branhma01,Malaki Branham,21,SAS,SG,47,0,9.1,1.9,4,0.458,0.7,1.8,0.405,1.1,2.3,0.5,0.547,0.6,0.7,0.818,0.1,0.9,1.1,0.8,0.2,0,0.7,0.6,5,,FALSE
2024-25,382,quetane01,Neemias Queta,25,BOS,C,62,6,13.9,2.1,3.3,0.65,0,0,0,2.1,3.2,0.66,0.65,0.7,1,0.754,1.4,2.4,3.8,0.7,0.3,0.7,0.6,1.7,5,,FALSE
2024-25,383,willial06,Alondes Williams,25,DET,SG,1,0,4,2,2,1,1,1,1,1,1,1,1.25,0,0,,0,0,0,1,0,0,0,0,5,,FALSE
2024-25,384,martija02,Jaylen Martin,21,2TM,SF,16,0,14.9,1.9,4.6,0.419,0.4,1.4,0.304,1.5,3.2,0.471,0.466,0.6,0.6,0.9,0.7,2.1,2.8,1.1,0.6,0,0.8,0.9,4.9,,TRUE
2024-25,385,waterli01,Lindy Waters III,27,2TM,SG,52,9,15,1.8,4.8,0.369,1.2,3.6,0.344,0.5,1.2,0.444,0.498,0.2,0.2,0.727,0.4,1.7,2.1,1,0.5,0.2,0.4,1.2,4.9,,TRUE
2024-25,386,queentr01,Trevelin Queen,27,ORL,SG,31,2,13.9,1.8,4.7,0.381,0.7,2.5,0.286,1.1,2.3,0.486,0.456,0.6,0.7,0.857,0.8,0.9,1.7,1.2,1,0.3,0.7,1.2,4.9,,FALSE
2024-25,387,landajo01,Jock Landale,29,HOU,C,42,3,11.9,1.9,3.6,0.533,0.3,0.6,0.423,1.7,3,0.556,0.569,0.6,1,0.675,1.3,1.9,3.3,0.9,0.3,0.2,0.5,1.2,4.8,,FALSE
2024-25,388,castlco01,Colin Castleton,24,3TM,C,26,4,16.6,1.8,3.8,0.469,0.1,0.6,0.125,1.7,3.2,0.537,0.48,1.1,1.5,0.763,2,2.7,4.7,1.1,0.3,0.4,0.9,2,4.7,,TRUE
2024-25,389,hendrta01,Taylor Hendricks,21,UTA,PF,3,3,25,1.3,6,0.222,1,4,0.25,0.3,2,0.167,0.306,1,1.3,0.75,1.7,3.3,5,0.7,1.7,1.3,0.7,2.7,4.7,,FALSE
2024-25,390,roddyda01,David Roddy,23,3TM,PF,33,3,12.4,1.7,3.8,0.456,0.6,1.8,0.311,1.2,1.9,0.594,0.532,0.6,0.8,0.769,0.4,2.2,2.5,1.1,0.4,0.3,0.7,0.6,4.6,,TRUE
2024-25,391,eubandr01,Drew Eubanks,27,2TM,C,61,4,12.2,1.9,3.2,0.593,0,0.1,0.5,1.8,3.1,0.596,0.601,0.8,1.2,0.662,1,2.7,3.7,0.9,0.2,0.6,0.7,1,4.6,,TRUE
2024-25,392,larsspe01,Pelle Larsson,23,MIA,SG,55,8,14.2,1.6,3.7,0.438,0.6,1.7,0.337,1,2,0.528,0.517,0.7,1.1,0.672,0.5,1.2,1.7,1.2,0.6,0.1,0.4,1.7,4.6,,FALSE
2024-25,393,phillju01,Julian Phillips,21,CHI,SF,79,5,14.2,1.6,3.6,0.446,0.6,1.9,0.327,1,1.7,0.582,0.533,0.8,1,0.789,0.8,1.3,2.1,0.5,0.5,0.3,0.3,1.4,4.6,,FALSE
2024-25,394,willico04,Cody Williams,20,UTA,SG,50,21,21.2,1.7,5.1,0.323,0.7,2.7,0.259,1,2.4,0.393,0.391,0.6,0.8,0.725,0.5,1.7,2.3,1.2,0.5,0.3,0.9,1.9,4.6,,FALSE
2024-25,395,dilliro01,Rob Dillingham,20,MIN,PG,49,1,10.5,1.9,4.3,0.441,0.5,1.5,0.338,1.4,2.8,0.496,0.5,0.2,0.3,0.533,0.2,0.8,1,2,0.4,0,1.1,0.8,4.5,,FALSE
2024-25,396,howarje01,Jett Howard,21,ORL,SF,60,0,11.7,1.6,4.4,0.374,0.9,3.1,0.296,0.7,1.3,0.566,0.479,0.3,0.4,0.696,0.3,0.8,1.2,0.7,0.2,0.2,0.6,1.1,4.5,,FALSE
2024-25,397,looneke01,Kevon Looney,28,GSW,C,76,6,15,1.9,3.7,0.514,0,0.1,0.4,1.9,3.6,0.516,0.518,0.7,1.3,0.566,2.4,3.6,6.1,1.6,0.6,0.5,0.5,2,4.5,,FALSE
2024-25,398,plumlma01,Mason Plumlee,34,PHO,C,74,21,17.6,1.7,2.7,0.619,0,0.1,0,1.7,2.7,0.631,0.619,1.1,1.7,0.648,1.6,4.6,6.1,1.8,0.4,0.6,0.8,2.1,4.5,,FALSE
2024-25,399,terryda01,Dalen Terry,22,CHI,SG,73,5,13.5,1.6,3.7,0.448,0.5,1.4,0.356,1.1,2.2,0.506,0.517,0.7,0.9,0.71,0.5,1.2,1.7,1.3,0.6,0.2,0.7,1.6,4.5,,FALSE
2024-25,400,baglema01,Marvin Bagley III,25,2TM,PF,31,2,8.5,1.8,3.4,0.519,0.1,0.6,0.158,1.7,2.8,0.598,0.533,0.7,1.1,0.657,1.2,1.5,2.7,0.4,0.3,0.3,0.4,0.6,4.4,,TRUE
2024-25,401,bassech01,Charles Bassey,24,SAS,C,36,1,10.4,1.9,3.3,0.581,0,0,,1.9,3.3,0.581,0.581,0.6,0.9,0.636,1.6,2.7,4.2,0.5,0.4,0.8,0.6,1.4,4.4,,FALSE
2024-25,402,bradlto01,Tony Bradley,27,IND,C,14,0,8.1,2.1,3.2,0.644,0.1,0.2,0.333,2,3,0.667,0.656,0.1,0.4,0.333,1.3,1.7,3,0.4,0.1,0.6,0.4,0.8,4.4,,FALSE
2024-25,403,jacksre01,Reggie Jackson,34,PHI,PG,31,1,12.4,1.7,4.3,0.391,0.8,2.4,0.338,0.9,1.9,0.458,0.485,0.2,0.3,0.778,0.3,1.1,1.4,1.5,0.5,0.1,0.5,1.1,4.4,,FALSE
2024-25,404,sheppre01,Reed Sheppard,20,HOU,PG,52,3,12.6,1.6,4.6,0.351,0.9,2.7,0.338,0.7,1.9,0.371,0.452,0.3,0.3,0.813,0.3,1.2,1.5,1.4,0.7,0.3,0.7,1,4.4,,FALSE
2024-25,405,stevela01,Lamar Stevens,27,MEM,PF,17,1,9.1,1.7,3.7,0.46,0.5,1.6,0.296,1.2,2.1,0.583,0.524,0.5,0.6,0.727,0.2,2,2.2,0.5,0.3,0.2,0.6,0.9,4.4,,FALSE
2024-25,406,bambamo01,Mo Bamba,26,2TM,C,32,2,12.9,1.6,3.5,0.464,0.5,1.7,0.278,1.2,1.8,0.638,0.531,0.6,0.8,0.704,1,3.5,4.5,0.6,0.3,1,0.6,1.8,4.3,,TRUE
2024-25,407,carteje01,Jevon Carter,29,CHI,PG,36,1,8.9,1.5,4.1,0.377,1,2.9,0.333,0.6,1.1,0.488,0.497,0.2,0.3,0.8,0.1,1,1.1,1.1,0.4,0.1,0.3,0.4,4.3,,FALSE
2024-25,408,pottemi01,Micah Potter,26,UTA,C,38,10,18.6,1.5,3.6,0.422,0.8,2.6,0.316,0.7,1,0.703,0.537,0.4,0.5,0.85,1.1,3.2,4.3,0.8,0.4,0.4,0.8,1.3,4.3,,FALSE
2024-25,409,shannte01,Terrence Shannon Jr.,24,MIN,SG,32,1,10.6,1.7,3.6,0.482,0.3,1,0.355,1.4,2.6,0.53,0.531,0.5,0.7,0.81,0.3,1.2,1.5,1,0.2,0.2,0.5,0.8,4.3,,FALSE
2024-25,410,theisda01,Daniel Theis,32,NOP,C,38,9,16.3,1.6,3.4,0.473,0.2,1,0.243,1.4,2.4,0.565,0.508,0.8,1,0.838,1.2,3.2,4.3,1.6,0.5,0.5,0.7,1.8,4.3,,FALSE
2024-25,411,craigto01,Torrey Craig,34,2TM,SF,26,4,12.1,1.5,3.5,0.422,0.9,2.5,0.364,0.5,0.9,0.583,0.556,0.3,0.5,0.667,1,1.8,2.8,0.7,0.3,0.5,0.3,1.3,4.2,,TRUE
2024-25,412,moorewe01,Wendell Moore Jr.,23,2TM,SG,36,1,13.9,1.6,3.5,0.468,0.4,1.1,0.341,1.3,2.4,0.529,0.524,0.5,0.6,0.818,0.8,1.8,2.6,1.2,0.6,0.1,0.8,0.9,4.2,,TRUE
2024-25,413,barlodo01,Dominick Barlow,21,ATL,PF,35,4,10.7,1.7,3.2,0.531,0.2,0.8,0.259,1.5,2.5,0.616,0.562,0.6,0.9,0.636,1,1.4,2.4,0.5,0.3,0.5,0.1,1.3,4.2,,FALSE
2024-25,414,edwarke02,Kessler Edwards,24,DAL,SF,40,18,15.2,1.7,3.4,0.496,0.6,1.4,0.407,1.1,2,0.556,0.578,0.3,0.3,0.923,0.6,2.3,2.9,1.1,0.5,0.5,0.4,1.6,4.2,,FALSE
2024-25,415,ighodos01,Oso Ighodaro,22,PHO,PF,61,6,17.1,1.9,3.1,0.604,0,0,0,1.9,3,0.611,0.604,0.5,0.8,0.58,1.1,2.6,3.6,1.2,0.5,0.5,0.6,1.7,4.2,,FALSE
2024-25,416,murrakr01,Kris Murray,24,POR,SF,69,6,15.1,1.7,4,0.419,0.4,1.7,0.225,1.3,2.3,0.566,0.468,0.4,0.8,0.456,1.1,1.5,2.6,1,0.5,0.2,0.6,1,4.2,,FALSE
2024-25,417,reathdu01,Duop Reath,28,POR,C,46,0,10.2,1.5,3.6,0.422,0.7,2.3,0.321,0.8,1.3,0.6,0.524,0.4,0.5,0.909,1,1,2,0.6,0.3,0.3,0.3,0.9,4.2,,FALSE
2024-25,418,spencca01,Cam Spencer,24,MEM,SG,25,1,10.1,1.4,3.3,0.415,0.8,2.1,0.365,0.6,1.2,0.5,0.53,0.8,0.8,1,0.5,0.7,1.2,1.4,0.4,0,0.2,0.9,4.2,,FALSE
2024-25,419,lewisma05,Maxwell Lewis,22,2TM,SF,28,1,11.7,1.6,3.9,0.417,0.7,1.8,0.38,0.9,2.1,0.448,0.505,0.3,0.4,0.7,0.6,1.3,2,0.7,0.3,0.3,0.5,1,4.1,,TRUE
2024-25,420,clarkja02,Jaylen Clark,23,MIN,SG,40,4,13.1,1.4,3,0.467,0.6,1.3,0.431,0.9,1.7,0.493,0.558,0.7,0.9,0.784,0.7,0.7,1.3,0.7,0.9,0.1,0.2,1.5,4.1,,FALSE
2024-25,421,houstca01,Caleb Houstan,22,ORL,SF,58,6,13.6,1.4,3.3,0.421,1.1,2.8,0.4,0.3,0.5,0.533,0.589,0.3,0.3,0.882,0.3,1,1.3,0.6,0.4,0.1,0.2,1.1,4.1,,FALSE
2024-25,422,millejo02,Jordan Miller,25,LAC,SF,37,0,11.4,1.6,3.6,0.433,0.2,1,0.211,1.4,2.6,0.521,0.463,0.8,0.9,0.8,0.6,0.9,1.6,0.9,0.5,0.1,0.7,0.7,4.1,,FALSE
2024-25,423,pickeja02,Jalen Pickett,25,DEN,SG,49,4,13.6,1.6,3.7,0.428,0.8,2.1,0.396,0.8,1.6,0.468,0.539,0.1,0.2,0.75,0.3,1.1,1.4,2.2,0.4,0.1,0.5,0.8,4.1,,FALSE
2024-25,424,reedpa01,Paul Reed,25,DET,C,45,0,9.7,1.6,3.2,0.507,0.2,0.6,0.286,1.4,2.5,0.561,0.535,0.7,0.9,0.762,0.9,1.8,2.7,1,0.9,0.6,0.6,1.7,4.1,,FALSE
2024-25,425,santogu01,Gui Santos,22,GSW,PF,56,2,13.6,1.5,3.2,0.458,0.6,1.8,0.33,0.9,1.4,0.632,0.553,0.5,0.8,0.69,1.3,1.8,3.1,1.4,0.4,0.2,0.8,1.6,4.1,,FALSE
2024-25,426,vandeja01,Jarred Vanderbilt,25,LAL,PF,36,2,16.1,1.6,3.4,0.488,0.3,0.9,0.281,1.4,2.5,0.562,0.525,0.6,1,0.556,1.9,3.2,5.1,1.1,1,0.3,0.8,1.9,4.1,,FALSE
2024-25,427,jonesco02,Colby Jones,22,2TM,SG,39,0,13.2,1.5,3.3,0.457,0.4,1.3,0.327,1.1,2.1,0.538,0.519,0.6,0.9,0.657,0.5,1.7,2.2,1.1,0.7,0.3,0.6,0.9,4,,TRUE
2024-25,428,batumni01,Nicolas Batum,36,LAC,PF,78,8,17.5,1.3,3.1,0.437,1.1,2.6,0.433,0.2,0.4,0.457,0.622,0.2,0.3,0.81,0.6,2.2,2.8,1.1,0.7,0.5,0.4,1.4,4,,FALSE
2024-25,429,flynnma01,Malachi Flynn,26,CHO,PG,4,0,11,1.3,3.3,0.385,0.3,1,0.25,1,2.3,0.444,0.423,1.3,1.5,0.833,0.8,1,1.8,1.8,0.8,0,1,1,4,,FALSE
2024-25,430,harpero02,Ron Harper Jr.,24,DET,SF,1,0,17,1,8,0.125,0,6,0,1,2,0.5,0.125,2,2,1,4,3,7,2,0,0,0,0,4,,FALSE
2024-25,431,richajo01,Josh Richardson,31,MIA,SG,8,0,18.8,1.4,4.8,0.289,0.8,2.8,0.273,0.6,2,0.313,0.368,0.5,0.5,1,0.8,0.8,1.5,1.5,1,0.1,1,2.1,4,,FALSE
2024-25,432,adamsst01,Steven Adams,31,HOU,C,58,3,13.7,1.6,2.9,0.545,0,0,0,1.6,2.8,0.552,0.545,0.7,1.6,0.462,2.9,2.8,5.6,1.1,0.4,0.5,0.9,1,3.9,,FALSE
2024-25,433,lowryky01,Kyle Lowry,38,PHI,PG,35,12,18.8,1.2,3.3,0.35,0.8,2.5,0.33,0.3,0.8,0.414,0.474,0.8,0.9,0.818,0.3,1.6,1.9,2.7,0.9,0.3,0.6,1.8,3.9,,FALSE
2024-25,434,prospol01,Olivier-Maxence Prosper,22,DAL,PF,52,4,11.2,1.3,3.3,0.402,0.2,1,0.235,1.1,2.4,0.472,0.437,0.9,1.5,0.645,0.8,1.6,2.4,0.8,0.5,0.1,0.3,0.5,3.9,,FALSE
2024-25,435,millspa02,Patty Mills,36,2TM,PG,29,0,11.1,1.2,3.3,0.375,0.9,2.6,0.347,0.3,0.7,0.476,0.51,0.4,0.5,0.929,0.1,0.6,0.8,0.9,0.4,0.1,0.6,0.8,3.8,,TRUE
2024-25,436,carlsbr01,Branden Carlson,25,OKC,C,32,0,7.7,1.3,3,0.443,0.7,2.1,0.333,0.7,1,0.677,0.557,0.4,0.6,0.778,0.5,1.2,1.7,0.4,0.2,0.7,0.2,0.7,3.8,,FALSE
2024-25,437,cartede02,Devin Carter,22,SAC,PG,36,0,11,1.3,3.5,0.37,0.5,1.7,0.295,0.8,1.8,0.439,0.441,0.7,1.2,0.591,0.5,1.6,2.1,1.1,0.6,0.1,0.5,1.1,3.8,,FALSE
2024-25,438,diengou01,Ousmane Dieng,21,OKC,C,37,1,10.9,1.5,3.4,0.432,0.6,1.9,0.324,0.8,1.5,0.574,0.524,0.3,0.4,0.688,0.5,1.7,2.2,0.8,0.5,0.2,0.5,0.9,3.8,,FALSE
2024-25,439,morrima02,Markieff Morris,35,2TM,PF,15,2,11,1.4,4.7,0.3,0.6,2.4,0.25,0.8,2.3,0.353,0.364,0.3,0.4,0.833,0.2,1.3,1.5,1.4,0.1,0.2,0.3,1.1,3.7,,TRUE
2024-25,440,batesem01,Emoni Bates,21,CLE,SF,10,0,7.5,1.3,3.8,0.342,1.1,3,0.367,0.2,0.8,0.25,0.487,0,0,,0,0.7,0.7,0.8,0.1,0.1,0.2,0.4,3.7,,FALSE
2024-25,441,jordade01,DeAndre Jordan,36,DEN,C,56,5,12.3,1.6,2.5,0.65,0,0,,1.6,2.5,0.65,0.65,0.5,1.1,0.422,1.5,3.6,5.1,0.9,0.3,0.5,0.7,1.3,3.7,,FALSE
2024-25,442,portecr01,Craig Porter Jr.,24,CLE,PG,51,1,10.1,1.4,2.7,0.514,0.4,0.9,0.438,1,1.8,0.554,0.589,0.5,0.6,0.719,0.4,0.9,1.3,1.4,0.3,0.3,0.7,0.5,3.7,,FALSE
2024-25,443,roweja01,Jackson Rowe,28,GSW,PF,6,0,8.7,1.3,2.8,0.471,0.5,1.7,0.3,0.8,1.2,0.714,0.559,0.5,1,0.5,0.5,1.3,1.8,0.7,0.7,0,0.2,0.7,3.7,,FALSE
2024-25,444,weslebl01,Blake Wesley,21,SAS,SG,58,0,11.8,1.4,3.2,0.435,0.3,1,0.293,1.1,2.2,0.5,0.481,0.7,1.1,0.623,0.3,0.8,1.1,2,0.6,0.1,0.9,0.8,3.7,,FALSE
2024-25,445,thorjt01,JT Thor,22,2TM,PF,20,0,12.5,1.3,3,0.424,0.3,1.1,0.286,1,1.9,0.5,0.475,0.8,1.1,0.682,1,1.4,2.4,0.3,0.4,0.5,0.5,0.9,3.6,,TRUE
2024-25,446,scheiba01,Baylor Scheierman,24,BOS,SG,31,2,12.4,1.3,3.5,0.355,0.8,2.6,0.317,0.4,0.9,0.464,0.473,0.3,0.4,0.75,0.6,1.5,2.1,1.1,0.5,0.1,0.4,0.7,3.6,,FALSE
2024-25,447,tateja01,Jae'Sean Tate,29,HOU,SF,52,2,11.3,1.3,2.8,0.473,0.3,0.9,0.348,1,2,0.529,0.527,0.6,0.9,0.681,1,1.3,2.3,0.9,0.5,0.1,0.4,1.6,3.6,,FALSE
2024-25,448,tysonja01,Jaylon Tyson,22,CLE,SG,47,3,9.6,1.4,3.2,0.43,0.4,1.2,0.345,0.9,1.9,0.484,0.497,0.4,0.5,0.792,0.8,1.3,2,0.9,0.3,0.1,0.6,1.1,3.6,,FALSE
2024-25,449,paytoel01,Elfrid Payton,30,2TM,PG,24,9,21.3,1.7,5.1,0.328,0,0.3,0.167,1.6,4.8,0.336,0.332,0.2,0.3,0.571,0.6,2.7,3.3,6.9,1,0.5,2.5,1.5,3.5,,TRUE
2024-25,450,garzalu01,Luka Garza,26,MIN,C,39,0,5.6,1.3,2.7,0.495,0.3,0.9,0.278,1.1,1.8,0.609,0.543,0.6,0.9,0.686,0.8,0.6,1.4,0.3,0.2,0.1,0.3,0.7,3.5,,FALSE
2024-25,451,josepco01,Cory Joseph,33,ORL,PG,50,16,12.2,1.2,3.1,0.403,0.8,2.1,0.364,0.5,0.9,0.489,0.529,0.3,0.4,0.778,0.3,1.1,1.5,1.4,0.5,0.1,0.4,1,3.5,,FALSE
2024-25,452,mcderdo01,Doug McDermott,33,SAC,SF,42,3,8.1,1.2,2.8,0.427,1,2.4,0.436,0.1,0.4,0.375,0.615,0.1,0.1,0.6,0.1,0.5,0.5,0.2,0.1,0,0.1,0.7,3.5,,FALSE
2024-25,453,saricda01,Dario Šarić,30,DEN,C,16,4,13.1,1.3,3.6,0.362,0.4,1.6,0.269,0.9,2,0.438,0.422,0.4,0.6,0.7,0.9,2.3,3.1,1.4,0.4,0.1,0.9,1.2,3.5,,FALSE
2024-25,454,bouyeja01,Jamaree Bouyea,25,MIL,PG,5,1,12.4,1.2,2.4,0.5,0.2,1,0.2,1,1.4,0.714,0.542,0.8,1.2,0.667,0.2,0.8,1,2,0.8,0.4,1.6,0.4,3.4,,FALSE
2024-25,455,fernabr01,Bruno Fernando,26,TOR,C,17,2,8.6,1.5,2.9,0.531,0,0,,1.5,2.9,0.531,0.531,0.4,0.5,0.75,1.2,1.8,3,1.1,0.2,0.5,0.8,1.6,3.4,,FALSE
2024-25,456,jacksan01,Andre Jackson Jr.,23,MIL,SG,67,43,14.6,1.4,2.9,0.477,0.4,1.1,0.395,1,1.8,0.529,0.553,0.2,0.4,0.5,1,1.7,2.7,1.2,0.5,0.2,0.9,1.7,3.4,,FALSE
2024-25,457,jonesis01,Isaac Jones,24,SAC,PF,40,0,7.6,1.4,2.1,0.651,0.1,0.2,0.375,1.3,1.9,0.68,0.669,0.6,0.9,0.639,0.6,0.9,1.4,0.3,0.1,0.3,0.4,0.8,3.4,,FALSE
2024-25,458,knoxke01,Kevin Knox,25,GSW,SF,14,0,6,1.3,2.6,0.5,0.3,1.1,0.267,1,1.5,0.667,0.556,0.4,0.6,0.75,0.5,0.7,1.2,0.4,0.1,0.3,0.3,0.4,3.3,,FALSE
2024-25,459,leeda03,Damion Lee,32,PHO,SG,25,0,5.8,1.1,3,0.365,0.4,1.5,0.243,0.7,1.5,0.486,0.426,0.8,0.8,0.952,0.1,0.7,0.8,0.4,0.2,0,0.4,0.2,3.3,,FALSE
2024-25,460,willije02,Nate Williams,25,HOU,SG,20,0,7.4,1.4,3.1,0.435,0.3,1.3,0.231,1.1,1.8,0.583,0.484,0.3,0.4,0.625,0.3,0.4,0.7,0.5,0.4,0.2,0.7,0.8,3.3,,FALSE
2024-25,461,harklej01,Elijah Harkless,24,UTA,SG,10,0,13.8,1.1,3.5,0.314,0.7,2.5,0.28,0.4,1,0.4,0.414,0.3,0.6,0.5,0.9,1.2,2.1,0.8,1,0.1,0.3,1.8,3.2,,FALSE
2024-25,462,nnajize01,Zeke Nnaji,24,DEN,PF,57,4,10.7,1.2,2.5,0.496,0.3,0.9,0.327,0.9,1.6,0.596,0.557,0.5,0.8,0.614,0.6,1,1.6,0.4,0.4,0.7,0.2,1.1,3.2,,FALSE
2024-25,463,reddica01,Cam Reddish,25,LAL,SF,33,8,17.8,1.2,2.8,0.404,0.4,1.4,0.277,0.8,1.4,0.532,0.473,0.5,0.8,0.615,0.5,1.5,2,0.7,1,0.3,0.4,1.3,3.2,,FALSE
2024-25,464,wrighde01,Delon Wright,32,2TM,PG,40,7,15.9,1.1,3.3,0.344,0.5,1.8,0.274,0.6,1.5,0.431,0.42,0.4,0.6,0.6,0.7,1,1.7,1.9,0.9,0.3,0.6,0.6,3.1,,TRUE
2024-25,465,kelleky01,Kylor Kelley,27,2TM,C,11,2,11.5,1.3,2,0.636,0,0,,1.3,2,0.636,0.636,0.5,0.9,0.6,1.1,2.5,3.5,0.5,0.1,0.3,0.4,1.4,3.1,,TRUE
2024-25,466,harriga01,Gary Harris,30,ORL,SG,48,3,14.8,1.1,2.8,0.383,0.8,2.1,0.356,0.3,0.7,0.469,0.519,0.1,0.3,0.583,0.4,0.9,1.3,0.6,0.5,0.3,0.4,0.9,3,,FALSE
2024-25,467,klebima01,Maxi Kleber,33,DAL,PF,34,4,18.7,1.1,2.8,0.385,0.4,1.4,0.265,0.7,1.4,0.511,0.453,0.5,0.6,0.762,0.7,2.1,2.8,1.3,0.3,0.5,0.7,1.9,3,,FALSE
2024-25,468,mooreta02,Taze Moore,26,POR,SG,2,0,10,1,5,0.2,0.5,2,0.25,0.5,3,0.167,0.25,0.5,1,0.5,2,2,4,0.5,1,0,1,0,3,,FALSE
2024-25,469,ruperra01,Rayan Rupert,20,POR,SG,52,0,8.8,1.1,2.7,0.408,0.3,1.1,0.271,0.8,1.6,0.506,0.465,0.4,0.6,0.767,0.5,0.8,1.3,0.5,0.3,0.1,0.6,0.7,3,,FALSE
2024-25,470,tuckepj01,P.J. Tucker,39,NYK,SF,3,1,19.3,1,2.3,0.429,1,2,0.5,0,0.3,0,0.643,0,0,,1.3,1.3,2.7,0,0.3,0.3,0.3,2.7,3,,FALSE
2024-25,471,nancepe01,Pete Nance,24,2TM,C,13,1,10.6,1.1,2.5,0.438,0.7,1.8,0.375,0.4,0.6,0.625,0.578,0.1,0.2,0.5,0.4,1.2,1.6,0.8,0.2,0.2,0.3,1.3,2.9,,TRUE
2024-25,472,fultzma01,Markelle Fultz,26,SAC,PG,21,0,8.8,1.3,3.2,0.418,0.2,0.4,0.5,1.1,2.8,0.407,0.448,0,0,1,0.3,0.7,1,1.3,0.5,0.1,0.7,0.6,2.9,,FALSE
2024-25,473,gibsota01,Taj Gibson,39,CHO,C,37,11,11.1,1.3,2.6,0.495,0,0.1,0.5,1.2,2.5,0.495,0.5,0.3,0.5,0.6,1.4,1.9,3.2,0.6,0.2,0.5,0.7,1.5,2.9,,FALSE
2024-25,474,smithty02,Tyler Smith,20,MIL,PF,23,0,5.3,1,2.2,0.48,0.6,1.3,0.433,0.5,0.9,0.55,0.61,0.3,0.3,0.75,0.3,0.8,1.1,0.2,0.1,0.2,0.3,0.5,2.9,,FALSE
2024-25,475,dennira01,RayJ Dennis,23,IND,PG,11,0,6.4,1,3,0.333,0.5,1.9,0.286,0.5,1.1,0.417,0.424,0.2,0.2,1,0.2,0.9,1.1,1.3,0.6,0.2,0.5,0.6,2.7,,FALSE
2024-25,476,dukeda01,David Duke Jr.,25,SAS,SG,6,0,5.7,1,2.3,0.429,0.5,1,0.5,0.5,1.3,0.375,0.536,0.2,0.3,0.5,0.2,0.7,0.8,0.7,0.2,0,0.3,0.2,2.7,,FALSE
2024-25,477,johnske10,Keshad Johnson,23,MIA,SF,16,0,6.1,1.1,1.6,0.692,0.2,0.4,0.429,0.9,1.2,0.789,0.75,0.3,0.6,0.444,0.4,1.4,1.8,0.3,0.3,0.3,0.3,0.7,2.7,,FALSE
2024-25,478,beekmre01,Reece Beekman,23,2TM,PG,36,4,13,1,3,0.327,0.2,1.1,0.175,0.8,1.9,0.418,0.36,0.4,0.6,0.762,0.4,0.7,1.1,1.8,0.9,0.1,0.6,1,2.6,,TRUE
2024-25,479,crowdja01,Jae Crowder,34,SAC,PF,9,2,11.4,0.8,2.4,0.318,0.4,1.7,0.267,0.3,0.8,0.429,0.409,0.6,0.7,0.833,0.7,1.6,2.2,0.7,0.3,0,0.4,1.1,2.6,,FALSE
2024-25,480,minotjo01,Josh Minott,22,MIN,SF,46,0,6,1,2,0.489,0.3,0.9,0.326,0.7,1,0.638,0.567,0.4,0.4,0.895,0.3,0.8,1,0.4,0.3,0.3,0.2,0.7,2.6,,FALSE
2024-25,481,tysonhu01,Hunter Tyson,24,DEN,PF,51,2,7.8,0.9,2.4,0.375,0.5,1.5,0.311,0.4,0.9,0.478,0.471,0.4,0.5,0.75,0.5,1,1.5,0.4,0.2,0.1,0.3,0.9,2.6,,FALSE
2024-25,482,sprinja01,Jaden Springer,22,2TM,PG,43,2,8.5,0.8,2.1,0.389,0.3,1.1,0.25,0.5,1,0.548,0.456,0.6,0.9,0.711,0.4,1,1.3,0.8,0.6,0.1,0.4,1,2.5,,TRUE
2024-25,483,jemistr01,Trey Jemison,25,2TM,C,38,0,10.3,1.1,1.9,0.554,0,0,,1.1,1.9,0.554,0.554,0.3,0.9,0.394,1.2,1.6,2.8,0.4,0.2,0.4,0.6,1.8,2.5,,TRUE
2024-25,484,gillan01,Anthony Gill,32,WAS,PF,51,0,7.8,0.8,1.7,0.489,0.2,0.6,0.323,0.6,1.1,0.579,0.545,0.6,1,0.66,0.4,0.9,1.3,0.3,0.2,0,0.2,0.6,2.5,,FALSE
2024-25,485,jonesdi01,Dillon Jones,23,OKC,SF,54,3,10.2,0.9,2.5,0.383,0.3,1.2,0.254,0.6,1.3,0.5,0.444,0.3,0.5,0.607,0.6,1.7,2.2,1.1,0.3,0.1,0.5,1,2.5,,FALSE
2024-25,486,spencpa01,Pat Spencer,28,GSW,PG,39,0,6.4,1.1,2.6,0.406,0.1,0.6,0.227,0.9,2,0.456,0.431,0.3,0.4,0.733,0.4,0.8,1.2,1.2,0.4,0.1,0.5,0.5,2.5,,FALSE
2024-25,487,davisjo06,Johnny Davis,22,WAS,SG,34,0,7.1,0.9,2.3,0.41,0.2,0.9,0.241,0.7,1.4,0.51,0.455,0.3,0.4,0.6,0.3,0.8,1.1,0.3,0.4,0.2,0.2,0.5,2.4,,FALSE
2024-25,488,kolokch01,Christian Koloko,24,LAL,C,37,0,9.2,1.1,1.8,0.606,0,0.1,0,1.1,1.7,0.645,0.606,0.3,0.4,0.714,0.9,1.5,2.5,0.4,0.2,0.4,0.3,1.2,2.4,,FALSE
2024-25,489,konchjo01,John Konchar,28,MEM,SG,46,4,12.1,0.9,2,0.451,0.5,1.3,0.371,0.4,0.6,0.621,0.577,0.2,0.2,0.875,0.8,2.5,3.3,0.9,0.7,0.3,0.3,0.7,2.4,,FALSE
2024-25,490,beaucma01,MarJon Beauchamp,24,3TM,SF,35,0,4.5,0.8,1.9,0.415,0.3,0.8,0.345,0.5,1,0.472,0.492,0.4,0.6,0.75,0.3,0.9,1.3,0.3,0.1,0,0.4,0.4,2.3,,TRUE
2024-25,491,jamesbr02,Bronny James,20,LAL,SG,27,1,6.7,0.8,2.5,0.313,0.3,1.2,0.281,0.4,1.3,0.343,0.381,0.4,0.5,0.786,0.1,0.5,0.7,0.8,0.3,0.1,0.5,0.5,2.3,,FALSE
2024-25,492,jonesma05,Mason Jones,26,SAC,SG,10,0,4.5,0.9,1.8,0.5,0.1,0.8,0.125,0.8,1,0.8,0.528,0.4,0.5,0.8,0.2,0.7,0.9,1.1,0,0.1,0.1,0.3,2.3,,FALSE
2024-25,493,norrimi01,Miles Norris,24,BOS,PF,3,0,11.7,0.7,3,0.222,0.7,2.3,0.286,0,0.7,0,0.333,0.3,0.7,0.5,0.7,2.3,3,0,0.7,0.3,0,0,2.3,,FALSE
2024-25,494,baldwpa01,Patrick Baldwin Jr.,22,2TM,SF,24,0,4.5,0.8,1.5,0.543,0.5,1,0.565,0.3,0.5,0.5,0.729,0.1,0.2,0.5,0.2,0.8,1,0.1,0.1,0.1,0.2,0.3,2.2,,TRUE
2024-25,495,peterdr01,Drew Peterson,25,BOS,PF,25,1,7.4,0.7,1.6,0.415,0.5,1.3,0.394,0.2,0.3,0.5,0.573,0.3,0.4,0.778,0.4,1.2,1.6,0.5,0.2,0.1,0.3,0.7,2.2,,FALSE
2024-25,496,washity02,TyTy Washington Jr.,23,PHO,PG,16,0,7.4,0.9,2.8,0.311,0.3,1.3,0.19,0.6,1.5,0.417,0.356,0.2,0.4,0.5,0.3,0.6,0.8,1,0.2,0,0.2,0.3,2.2,,FALSE
2024-25,497,mclaujo01,Jordan McLaughlin,28,2TM,PG,46,0,6.8,0.7,1.6,0.431,0.4,1,0.413,0.3,0.6,0.462,0.563,0.4,0.5,0.773,0.1,0.5,0.7,1.1,0.3,0,0.3,0.4,2.1,,TRUE
2024-25,498,davisjd01,JD Davison,22,BOS,PG,16,0,5.8,0.8,2.1,0.353,0.3,1.1,0.222,0.5,1,0.5,0.412,0.3,0.4,0.714,0.1,0.7,0.8,0.8,0.3,0.1,0.8,0.1,2.1,,FALSE
2024-25,499,duartch01,Chris Duarte,27,CHI,SG,17,0,4.4,0.7,1.5,0.462,0.4,0.9,0.4,0.4,0.6,0.545,0.577,0.4,0.5,0.75,0.3,0.9,1.2,0.5,0,0,0.1,0.4,2.1,,FALSE
2024-25,500,freemen01,Enrique Freeman,24,IND,PF,22,1,8.2,0.7,1.7,0.432,0,0.5,0.1,0.7,1.2,0.556,0.446,0.6,0.9,0.684,0.5,0.9,1.4,0.4,0.1,0.1,0.3,1,2.1,,FALSE
2024-25,501,furphjo01,Johnny Furphy,20,IND,SG,50,0,7.6,0.7,1.8,0.38,0.3,1,0.3,0.4,0.8,0.476,0.462,0.4,0.4,0.818,0.5,1,1.4,0.4,0.4,0.2,0.2,0.8,2.1,,FALSE
2024-25,502,poweldw01,Dwight Powell,33,DAL,C,55,3,10,0.8,1.1,0.689,0,0.1,0.4,0.7,1,0.714,0.705,0.5,0.8,0.651,0.9,1.3,2.1,1,0.3,0.4,0.3,1.4,2.1,,FALSE
2024-25,503,chrisjo01,Josh Christopher,23,MIA,SG,14,0,4.9,0.8,2.2,0.355,0.1,0.8,0.182,0.6,1.4,0.45,0.387,0.3,0.4,0.667,0,0.6,0.6,0.6,0.4,0.2,0.4,0.1,2,,FALSE
2024-25,504,kolekty01,Tyler Kolek,23,NYK,PG,41,0,7.2,0.7,2,0.329,0.3,1.1,0.298,0.3,0.9,0.371,0.415,0.3,0.4,0.765,0.2,0.5,0.7,1.7,0.3,0.1,0.4,0.6,2,,FALSE
2024-25,505,sanogad01,Adama Sanogo,22,CHI,C,4,0,5.3,1,1.8,0.571,0,0,,1,1.8,0.571,0.571,0,0,,1.3,0.3,1.5,0.3,0,0,0.3,0.3,2,,FALSE
2024-25,506,brownko01,Kobe Brown,25,LAC,PF,40,0,6.8,0.8,1.8,0.458,0.2,0.7,0.231,0.7,1.2,0.587,0.5,0.1,0.2,0.714,0.5,1.2,1.6,0.6,0.2,0.1,0.3,0.6,1.9,,FALSE
2024-25,507,hukpoar01,Ariel Hukporti,22,NYK,C,25,1,8.7,0.8,1.2,0.677,0,0,,0.8,1.2,0.677,0.677,0.2,0.5,0.462,0.6,1.5,2,0.4,0,0.6,0.8,1.3,1.9,,FALSE
2024-25,508,klintbo01,Bobi Klintman,21,DET,SF,8,0,5.3,0.8,1.3,0.6,0.3,0.6,0.4,0.5,0.6,0.8,0.7,0.1,0.3,0.5,0.1,0.8,0.9,0.9,0.3,0.1,0.1,1,1.9,,FALSE
2024-25,509,templga01,Garrett Temple,38,TOR,SG,28,0,8.1,0.6,2.1,0.3,0.2,1,0.214,0.4,1.1,0.375,0.35,0.4,0.4,0.917,0.3,0.7,1,1.1,0.6,0.1,0.4,0.8,1.9,,FALSE
2024-25,510,simsje01,Jericho Sims,26,2TM,C,53,5,11.9,0.8,1.3,0.634,0,0,,0.8,1.3,0.634,0.634,0.2,0.2,0.615,1.3,2.4,3.7,0.6,0.2,0.4,0.6,1.2,1.8,,TRUE
2024-25,511,cancavl01,Vlatko Čančar,27,DEN,PF,13,0,10.5,0.8,2,0.385,0.3,1.2,0.267,0.5,0.8,0.545,0.462,0,0,,0.5,2,2.5,0.7,0.2,0.2,0.8,0.8,1.8,,FALSE
2024-25,512,flaglad01,Adam Flagler,25,OKC,SG,37,0,5.5,0.7,2.6,0.26,0.4,1.9,0.194,0.3,0.6,0.458,0.333,0,0.1,0.5,0.2,0.5,0.7,0.3,0.2,0.1,0.1,0.4,1.8,,FALSE
2024-25,513,flowetr01,Trentyn Flowers,19,LAC,SF,6,0,4.5,0.7,1.8,0.364,0,0.3,0,0.7,1.5,0.444,0.364,0.5,0.5,1,0.2,0.5,0.7,0,0,0,0.2,0.7,1.8,,FALSE
2024-25,514,liddeej01,E.J. Liddell,24,CHI,PF,12,0,4.4,0.7,1.3,0.533,0.3,0.8,0.3,0.4,0.4,1,0.633,0.2,0.2,1,0.3,0.5,0.8,0.3,0.1,0.1,0.2,0.9,1.8,,FALSE
2024-25,515,youngja05,Jahmir Young,24,CHI,PG,6,0,5,0.7,0.8,0.8,0.2,0.3,0.5,0.5,0.5,1,0.9,0.3,0.3,1,0.2,0.3,0.5,1,0,0,0.2,0.3,1.8,,FALSE
2024-25,516,dadiepa01,Pacôme Dadiet,19,NYK,SG,18,0,6.2,0.6,1.7,0.323,0.3,1.1,0.316,0.2,0.7,0.333,0.419,0.2,0.3,0.667,0.2,0.8,1,0.3,0.2,0.1,0.2,0.4,1.7,,FALSE
2024-25,517,ducasal01,Alex Ducas,24,OKC,SG,21,0,6,0.6,1.4,0.4,0.5,1,0.476,0.1,0.4,0.222,0.567,0.1,0.1,1,0.4,0.8,1.2,0.2,0.2,0,0.2,0.6,1.7,,FALSE
2024-25,518,hallpj01,PJ Hall,22,DEN,C,19,0,3.5,0.7,1.3,0.583,0.1,0.4,0.25,0.6,0.8,0.75,0.625,0.2,0.2,0.75,0.3,0.8,1.2,0.2,0,0.2,0.1,0.6,1.7,,FALSE
2024-25,519,milleem01,Emanuel Miller,24,CHI,PF,6,0,4.2,0.7,1.3,0.5,0,0.2,0,0.7,1.2,0.571,0.5,0.3,0.3,1,0.7,0.7,1.3,0.3,0.2,0,0,0.5,1.7,,FALSE
2024-25,520,thomptr01,Tristan Thompson,33,CLE,C,40,0,8.2,0.8,1.8,0.437,0,0.1,0,0.8,1.7,0.456,0.437,0.2,0.8,0.233,0.8,2.6,3.4,0.6,0.1,0.3,0.4,0.9,1.7,,FALSE
2024-25,521,lenal01,Alex Len,31,2TM,C,46,7,8.3,0.7,1.4,0.508,0,0.2,0.222,0.7,1.2,0.556,0.524,0.2,0.4,0.471,0.8,1.2,2.1,0.8,0.2,0.5,0.4,1.2,1.6,,TRUE
2024-25,522,kawamyu01,Yuki Kawamura,23,MEM,PG,22,0,4.2,0.5,1.4,0.367,0.3,1,0.304,0.2,0.3,0.571,0.483,0.3,0.4,0.778,0,0.5,0.5,0.9,0.1,0,0.2,0.4,1.6,,FALSE
2024-25,523,mcveija01,Jack McVeigh,28,HOU,PF,9,0,4.8,0.6,1.9,0.294,0.4,1.4,0.308,0.1,0.4,0.25,0.412,0,0,,0.2,0.3,0.6,0.1,0,0.2,0.2,0.3,1.6,,FALSE
2024-25,524,armeltr01,Armel Traoré,22,LAL,SF,9,0,7.4,0.7,2.1,0.316,0,0.8,0,0.7,1.3,0.5,0.316,0.2,0.8,0.286,0.2,1.4,1.7,0.1,0.4,0.2,0.3,0.7,1.6,,FALSE
2024-25,525,walshjo01,Jordan Walsh,20,BOS,PF,52,1,7.8,0.6,1.6,0.361,0.3,1.1,0.273,0.3,0.5,0.536,0.452,0.1,0.2,0.583,0.4,0.9,1.3,0.4,0.2,0.2,0.3,0.6,1.6,,FALSE
2024-25,526,wheelph02,Phillip Wheeler,22,PHI,PF,5,0,8.8,0.6,4.2,0.143,0,2,0,0.6,2.2,0.273,0.143,0.4,0.4,1,0.4,1.2,1.6,0.4,0.2,0.4,0.2,0.2,1.6,,FALSE
2024-25,527,cissosi01,Sidy Cissoko,20,2TM,SF,22,0,5.2,0.6,1.4,0.433,0.1,0.6,0.231,0.5,0.8,0.588,0.483,0.1,0.4,0.333,0.4,0.6,1,0.7,0.1,0,0.5,0.5,1.5,,TRUE
2024-25,528,gortmja01,Jazian Gortman,21,DAL,PG,16,0,3.6,0.6,1.4,0.391,0.3,0.7,0.364,0.3,0.8,0.417,0.478,0.1,0.3,0.5,0.1,0.3,0.3,0.4,0.1,0.1,0.3,0.6,1.5,,FALSE
2024-25,529,mcculke01,Kevin McCullar Jr.,23,NYK,SF,4,0,7.3,0.5,1.8,0.286,0,0.3,0,0.5,1.5,0.333,0.286,0.5,0.5,1,0,2,2,0.5,0.3,0.3,0,1.5,1.5,,FALSE
2024-25,530,millele01,Leonard Miller,21,MIN,SF,13,0,2.5,0.5,1.2,0.4,0,0.4,0,0.5,0.8,0.6,0.4,0.6,0.6,1,0.2,0.6,0.8,0,0.2,0.1,0.2,0.2,1.5,,FALSE
2024-25,531,olivaqu01,Quincy Olivari,23,LAL,PG,2,0,5,0.5,2.5,0.2,0.5,2.5,0.2,0,0,,0.3,0,0,,0,0,0,0.5,0,0,0.5,0,1.5,,FALSE
2024-25,532,ryanma01,Matt Ryan,27,NYK,SF,19,0,3.6,0.5,1.6,0.323,0.3,1,0.316,0.2,0.6,0.333,0.419,0.1,0.1,1,0,0.4,0.4,0.2,0.1,0,0.2,0.1,1.5,,FALSE
2024-25,533,toppija01,Jacob Toppin,24,2TM,SF,17,0,4.5,0.5,1.3,0.409,0.3,0.6,0.5,0.2,0.7,0.333,0.523,0,0,,0.2,0.7,0.9,0.4,0.1,0,0.2,0.2,1.4,,TRUE
2024-25,534,chrisca02,Cam Christie,19,LAC,SG,13,0,4.5,0.5,1.8,0.292,0.2,1,0.154,0.4,0.8,0.455,0.333,0.2,0.3,0.5,0.2,0.7,0.9,0.5,0.4,0.1,0.2,0.3,1.4,,FALSE
2024-25,535,livinch01,Chris Livingston,21,MIL,SF,21,1,5,0.4,1.3,0.333,0,0.4,0,0.4,0.9,0.474,0.333,0.6,0.8,0.75,0.5,1.2,1.7,0.2,0.2,0,0.3,0.4,1.4,,FALSE
2024-25,536,alexatr01,Trey Alexander,21,DEN,SG,24,0,4.9,0.5,1.7,0.317,0.1,0.7,0.176,0.4,1,0.417,0.354,0.1,0.2,0.75,0,0.5,0.5,0.5,0.1,0,0.2,0.4,1.3,,FALSE
2024-25,537,jonessp01,Spencer Jones,23,DEN,SF,20,0,6.3,0.6,1.7,0.324,0.1,0.9,0.059,0.5,0.9,0.588,0.338,0.2,0.2,1,0.4,0.5,0.9,0.3,0.3,0.3,0.3,0.9,1.3,,FALSE
2024-25,538,labissk01,Skal Labissière,28,SAC,PF,4,0,3,0.5,1,0.5,0.3,0.3,1,0.3,0.8,0.333,0.625,0,0,,0.3,0.5,0.8,0.3,0,0,0,0.3,1.3,,FALSE
2024-25,539,bridgja01,Jalen Bridges,23,PHO,SF,8,0,3.8,0.3,0.9,0.286,0.3,0.9,0.286,0,0,,0.429,0.4,0.5,0.75,0,0.5,0.5,0,0,0,0.5,0,1.1,,FALSE
2024-25,540,colliyu01,Yuri Collins,23,GSW,PG,2,0,8,0.5,1.5,0.333,0,0,,0.5,1.5,0.333,0.333,0,0,,1,0.5,1.5,2,1,0,0,2.5,1,,FALSE
2024-25,541,jenkida01,Daniss Jenkins,23,DET,PG,7,0,3.3,0.4,1.4,0.3,0.1,1,0.143,0.3,0.4,0.667,0.35,0,0.3,0,0,0.3,0.3,0.4,0,0,0.1,0.3,1,,FALSE
2024-25,542,keybr01,Braxton Key,27,GSW,SF,3,0,3.7,0,1.3,0,0,0.3,0,0,1,0,0,1,2,0.5,0.3,0.3,0.7,0,0.7,0,0.3,0,1,,FALSE
2024-25,543,mcgowbr01,Bryce McGowens,22,POR,SG,13,0,2.5,0.3,1.1,0.286,0,0.3,0,0.3,0.8,0.4,0.286,0.4,0.5,0.833,0.2,0.1,0.2,0.2,0.1,0,0.3,0.2,1,,FALSE
2024-25,544,tillmxa01,Xavier Tillman Sr.,26,BOS,C,33,2,7,0.4,1.6,0.245,0.2,1,0.156,0.2,0.6,0.381,0.292,0.1,0.1,0.75,0.3,1,1.3,0.2,0.3,0.2,0.4,0.5,1,,FALSE
2024-25,545,travelu01,Luke Travers,23,CLE,SG,12,0,7.3,0.4,1.7,0.25,0,0.8,0,0.4,0.9,0.455,0.25,0.2,0.2,1,0.7,1,1.7,0.7,0.1,0.1,0.7,0.5,1,,FALSE
2024-25,546,crawfis01,Isaiah Crawford,23,SAC,SF,15,0,3.1,0.3,0.7,0.455,0.1,0.3,0.2,0.3,0.4,0.667,0.5,0.1,0.3,0.5,0.1,0.5,0.5,0.1,0.1,0.1,0.1,0.1,0.9,,FALSE
2024-25,547,minayju01,Justin Minaya,25,POR,SF,19,0,5.3,0.4,1.1,0.381,0.1,0.5,0.2,0.3,0.6,0.545,0.429,0,0.1,0,0.3,0.3,0.5,0.4,0.3,0.1,0.3,0.6,0.9,,FALSE
2024-25,548,watsoan02,Anton Watson,24,NYK,SF,9,0,2.4,0.4,1,0.444,0,0.1,0,0.4,0.9,0.5,0.444,0,0,,0.1,0.2,0.3,0.2,0.1,0,0.2,0.3,0.9,,FALSE
2024-25,549,cartodj01,D.J. Carton,24,TOR,SG,4,0,8.3,0.3,1.8,0.143,0,0.8,0,0.3,1,0.25,0.143,0.3,0.3,1,0,1,1,0.8,0.5,0,1,0.3,0.8,,FALSE
2024-25,550,doziepj01,PJ Dozier,28,MIN,SG,9,0,3.9,0.2,0.3,0.667,0.2,0.3,0.667,0,0,,1,0.1,0.7,0.167,0.1,0.4,0.6,0.6,0.1,0,0.1,0.3,0.8,,FALSE
2024-25,551,inglejo01,Joe Ingles,37,MIN,SF,19,1,6,0.3,1.2,0.261,0.2,0.8,0.2,0.2,0.4,0.375,0.326,0,0,,0.1,0.5,0.6,1.2,0.1,0,0.5,0.6,0.8,,FALSE
2024-25,552,ingraha01,Harrison Ingram,22,SAS,SF,5,0,7,0.4,0.8,0.5,0,0.2,0,0.4,0.6,0.667,0.5,0,0,,0.4,1.4,1.8,0.6,0.6,0,0.2,0.4,0.8,,FALSE
2024-25,553,chomcul01,Ulrich Chomche,19,TOR,PF,7,0,4.6,0.3,0.7,0.4,0,0,,0.3,0.7,0.4,0.4,0.1,0.3,0.5,0.6,0.6,1.1,0.3,0,0.1,0.3,0.7,0.7,,FALSE
2024-25,554,johnsja01,James Johnson,37,IND,PF,12,0,3.1,0.3,0.9,0.364,0,0.3,0,0.3,0.7,0.5,0.364,0,0.1,0,0,0.5,0.5,0.3,0,0.2,0.3,0.4,0.7,,FALSE
2024-25,555,robbili01,Liam Robbins,25,MIL,C,13,0,4.4,0.2,0.6,0.25,0,0.2,0,0.2,0.5,0.333,0.25,0.4,0.8,0.5,0.5,0.4,0.9,0.2,0.2,0.2,0.5,0.7,0.7,,FALSE
2024-25,556,umudest01,Stanley Umude,25,MIL,SG,22,0,3.9,0.2,1.2,0.192,0.1,0.7,0.2,0.1,0.5,0.182,0.25,0.1,0.2,0.5,0.2,0.6,0.8,0.2,0.1,0.3,0.1,0.4,0.7,,FALSE
2024-25,557,cuiyo01,Cui Yongxi,21,BRK,SG,5,0,2,0.2,1.4,0.143,0,0.6,0,0.2,0.8,0.25,0.143,0.2,0.4,0.5,0,0.4,0.4,0,0,0,0,0,0.6,,FALSE
2024-25,558,newtotr01,Tristen Newton,23,2TM,SG,8,0,2,0.1,1,0.125,0,0.4,0,0.1,0.6,0.2,0.125,0.1,0.1,1,0.3,0.3,0.5,0.3,0.1,0,0.3,0.5,0.4,,TRUE
2024-25,559,leonsma01,Malevy Leons,25,OKC,SF,6,0,3.5,0,0.3,0,0,0.2,0,0,0.2,0,0,0.3,0.7,0.5,0.2,0.3,0.5,0.2,0,0,0.2,0.7,0.3,,FALSE
2024-25,560,nixda01,Daishen Nix,22,MIN,PG,3,0,4.3,0,0.3,0,0,0.3,0,0,0,,0,0.3,0.7,0.5,0,1.3,1.3,1,0,0,1.3,0.3,0.3,,FALSE
2024-25,561,daviste02,Terence Davis,27,SAC,SG,1,0,8,0,2,0,0,1,0,0,1,0,0,0,0,,0,1,1,1,0,0,0,0,0,,FALSE
2024-25,562,edwarje01,Jesse Edwards,24,MIN,C,2,0,2.5,0,0,,0,0,,0,0,,,0,0,,0,0,0,0.5,0,0,0,1,0,,FALSE
2024-25,563,mccluma01,Mac McClung,26,ORL,SG,2,0,5,0,1,0,0,0.5,0,0,0.5,0,0,0,0,,0,0.5,0.5,1.5,0,0,0,1,0,,FALSE
2024-25,564,mcdanja01,Jalen McDaniels,27,WAS,SF,4,0,1.8,0,0,,0,0,,0,0,,,0,0,,0,0,0,0.3,0.3,0,0,0,0,,FALSE
2024-25,565,minixri01,Riley Minix,24,SAS,SF,1,0,7,0,1,0,0,1,0,0,0,,0,0,0,,0,2,2,0,0,0,0,0,0,,FALSE
2024-25,566,okafoja01,Jahlil Okafor,29,IND,C,1,0,3,0,0,,0,0,,0,0,,,0,0,,0,1,1,1,0,0,0,0,0,,FALSE
2024-25,567,pullizy01,Zyon Pullin,23,MEM,SG,3,0,1,0,0.3,0,0,0,,0,0.3,0,0,0,0,,0,0,0,0,0,0,0,0,0,,FALSE
2024-25,568,steveis01,Isaiah Stevens,24,MIA,PG,3,0,2,0,0.7,0,0,0.3,0,0,0.3,0,0,0,0,,0,0.7,0.7,0,0.3,0,0,0,0,,FALSE
2024-25,569,taylote01,Terry Taylor,25,SAC,PF,3,0,2,0,0.3,0,0,0,,0,0.3,0,0,0,0,,0.3,0,0.3,0.7,0,0,0,0,0,,FALSE
