RANK,NAME,TEAM,CUR,POS,AGE,GP,MpG,USG%,TO%,FTA,FT%,2PA,2P%,3PA,3P%,eFG%,TS%,PpG,RpG,ApG,SpG,BpG,TOpG,P+R,P+A,P+R+A,VI,ORtg,DRtg
,Luka Doncic,Lal,*,F-G,27.1,64,35.8,38.1,14.9,645,0.78,763,0.575,694,0.366,0.563,0.616,33.5,7.7,8.3,1.6,0.5,4,41.2,41.8,49.5,14.4,120.2,109.6
,Shai Gilgeous-Alexander,Okc,*,G,27.8,68,33.2,33.3,10.3,614,0.879,1023,0.602,298,0.386,0.597,0.665,31.1,4.3,6.6,1.4,0.8,2.2,35.4,37.7,42,11.6,133.5,106.2
,Anthony Edwards,Min,*,G,24.7,61,35,31.5,12.3,437,0.796,717,0.554,514,0.399,0.572,0.617,28.8,5,3.7,1.4,0.8,2.8,33.8,32.5,37.5,9.3,117.7,112.1
,Jaylen Brown,Bos,*,G-F,29.5,71,34.4,36.2,14.4,536,0.795,1139,0.523,404,0.347,0.522,0.573,28.7,6.9,5.1,1,0.4,3.6,35.6,33.8,40.8,11.7,114,107.1
,Tyrese Maxey,Phi,*,G,25.4,70,38,29.4,10.2,416,0.892,902,0.525,599,0.367,0.536,0.588,28.3,4.1,6.6,1.9,0.8,2.4,32.4,34.9,39,9.6,120.4,114.1
,Kawhi Leonard,Lac,*,F,34.8,65,32.1,33.5,9.6,416,0.892,813,0.569,445,0.387,0.573,0.629,27.9,6.4,3.6,1.9,0.4,2,34.2,31.5,37.8,10.8,124.6,113.6
,Donovan Mitchell,Cle,*,G,29.6,70,33.5,32.2,12.4,430,0.865,787,0.577,616,0.364,0.563,0.613,27.9,4.5,5.7,1.5,0.3,2.8,32.4,33.6,38.1,10.7,120.9,111.9
,Nikola Jokic,Den,*,C,31.1,65,34.8,30.4,17.7,480,0.831,837,0.636,295,0.38,0.618,0.67,27.7,12.9,10.7,1.4,0.8,3.7,40.5,38.4,51.3,18,134.7,107.1
,Giannis Antetokounmpo,Mil,*,F,31.4,36,28.9,37,16.1,357,0.65,553,0.647,45,0.333,0.636,0.658,27.6,9.8,5.4,0.9,0.7,3.2,37.4,33,42.8,15.7,125.8,110.8
,Joel Embiid,Phi,*,C-F,32.1,38,31.6,33.5,13.5,335,0.854,537,0.536,160,0.331,0.527,0.605,26.9,7.7,3.9,0.6,1.2,2.9,34.6,30.8,38.5,11.8,119.7,111.8
,Lauri Markkanen,Uta,*,F-C,28.9,42,34.3,28.1,7.3,268,0.896,481,0.559,324,0.355,0.548,0.608,26.7,6.9,2.1,1,0.5,1.5,33.6,28.9,35.7,8.5,122.5,120.7
,Stephen Curry,Gol,*,G,38.1,43,30.9,32.5,13.1,221,0.923,315,0.584,484,0.393,0.587,0.637,26.6,3.6,4.7,1.1,0.4,2.8,30.1,31.3,34.9,9.9,119.7,114.7
,Devin Booker,Pho,*,G,29.5,64,33.5,32.2,14.4,520,0.873,828,0.512,370,0.33,0.507,0.585,26.1,3.9,6,0.8,0.3,3.2,29.9,32.1,36,10.1,118.9,112.2
,Jalen Brunson,Nyk,*,G,29.6,74,35,30.3,10.6,421,0.841,947,0.522,528,0.369,0.533,0.58,26,3.3,6.8,0.8,0.1,2.4,29.4,32.8,36.2,9.5,121.8,112.2
,Kevin Durant,Hou,*,F,37.5,78,36.4,27,15.2,467,0.874,925,0.573,450,0.413,0.588,0.641,26,5.4,4.8,0.8,0.9,3.2,31.4,30.7,36.2,9.6,124.4,112.6
,Jamal Murray,Den,*,G,29.1,75,35.4,27.9,11.2,390,0.887,797,0.517,563,0.435,0.573,0.622,25.4,4.4,7.1,0.9,0.4,2.3,29.8,32.5,36.9,10.5,125.5,116.1
,James Harden,Lac,,G,36.6,44,35.4,31.2,17.4,374,0.901,382,0.492,389,0.347,0.506,0.598,25.4,4.8,8.1,1.3,0.4,3.7,30.2,33.5,38.4,11.3,119.2,114.5
,Victor Wembanyama,San,*,F-C,22.3,64,29.2,32.4,12.5,450,0.827,730,0.59,350,0.349,0.569,0.626,25,11.5,3.1,1,3.1,2.4,36.5,28.1,39.6,13.2,122.4,100.4
,Deni Avdija,Por,*,F,25.3,66,33.3,29.3,19.2,610,0.802,672,0.546,393,0.318,0.521,0.599,24.2,6.9,6.7,0.8,0.6,3.8,31.1,30.9,37.8,12.5,118.9,109.9
,Michael Porter Jr.,Bro,*,F,27.8,52,32.5,30.5,11.3,228,0.86,473,0.567,485,0.363,0.555,0.595,24.2,7.1,3,1.1,0.3,2.3,31.3,27.3,34.3,9.9,113.4,114.3
,Pascal Siakam,Ind,*,F,32,62,33.2,30.1,10.7,378,0.693,862,0.527,293,0.358,0.529,0.562,24,6.6,3.8,1.1,0.4,2.2,30.6,27.8,34.4,10.2,110.5,114.5
,Cade Cunningham,Det,*,G,24.5,64,33.9,30.5,16.6,382,0.812,823,0.514,366,0.342,0.513,0.564,23.9,5.5,9.9,1.4,0.8,3.7,29.5,33.8,39.4,12.9,117.4,105.1
,Keyonte George,Uta,*,G,22.4,54,33.1,27.9,15.9,378,0.892,519,0.516,361,0.371,0.533,0.609,23.6,3.7,6.1,1.1,0.3,3.1,27.3,29.8,33.4,9.8,117.9,120.3
,Austin Reaves,Lal,*,G,27.9,51,34.5,26.7,16.5,371,0.871,434,0.588,328,0.36,0.567,0.641,23.3,4.7,5.5,1.1,0.4,3,28,28.8,33.5,9.8,122.8,113.2
,Jalen Johnson,Atl,*,F,24.3,72,35.2,27,16.6,382,0.788,887,0.541,341,0.352,0.537,0.581,22.5,10.3,7.9,1.2,0.4,3.4,32.8,30.4,40.7,13.9,115.9,108.7
,Jaren Jackson Jr.,Uta,*,F-C,26.6,3,24.1,35.9,12.4,16,0.875,34,0.559,15,0.333,0.541,0.598,22.3,4.3,2.7,2,0.3,2.3,26.7,25,29.3,10.6,110.6,109.2
,Paolo Banchero,Orl,*,F,23.4,72,34.7,27.6,16.2,590,0.775,877,0.507,275,0.305,0.496,0.566,22.2,8.4,5.2,0.7,0.6,3.1,30.6,27.4,35.8,11.4,111.9,110.5
,Jayson Tatum,Bos,*,F-G,28.1,16,32.6,30,11.9,79,0.823,144,0.493,143,0.329,0.493,0.541,21.8,10,5.3,1.4,0.2,2.4,31.8,27.1,37.1,12.9,113.6,105.4
,Norman Powell,Mia,*,G,32.9,58,29.6,27.2,11,318,0.827,485,0.546,410,0.38,0.558,0.609,21.7,3.5,2.4,1.1,0.2,1.9,25.2,24.2,27.7,7.7,116,111.2
,Trey Murphy III,Nor,*,F,25.8,66,35.5,22.7,10.3,246,0.886,485,0.577,565,0.379,0.572,0.613,21.5,5.7,3.8,1.5,0.4,1.8,27.2,25.3,31,8.7,122.4,116.3
,Brandon Ingram,Tor,*,F,28.6,77,33.8,26.9,12.7,356,0.82,935,0.512,353,0.382,0.529,0.573,21.5,5.6,3.7,0.8,0.7,2.4,27.1,25.2,30.8,9,110.7,111.9
,Julius Randle,Min,*,F-C,31.4,79,33,26.5,15.3,496,0.802,861,0.547,346,0.315,0.526,0.585,21.1,6.7,5,1.1,0.2,2.8,27.8,26.1,32.9,10.8,117.7,108.4
,Cooper Flagg,Dal,*,F,19.3,70,33.5,26.9,11.9,342,0.827,950,0.513,244,0.295,0.498,0.548,21,6.7,4.5,1.2,0.9,2.3,27.7,25.6,32.2,10.3,110.6,112.6
,Zion Williamson,Nor,*,F,25.8,62,29.7,25.7,13.5,465,0.716,803,0.601,4,0.25,0.6,0.644,21,5.7,3.2,1,0.5,2,26.7,24.2,29.9,9.8,126.3,115.2
,LeBron James,Lal,*,F,41.3,60,33.2,27.2,16.3,316,0.737,676,0.586,243,0.317,0.557,0.594,20.9,6.1,7.2,1.2,0.6,3,27,28.1,34.2,11.7,117.5,114
,Shaedon Sharpe,Por,*,G,22.9,50,29.4,30.4,14.5,197,0.787,562,0.514,306,0.337,0.511,0.546,20.8,4.3,2.6,1.4,0.1,2.9,25.2,23.5,27.8,8.4,105.1,111.6
,Nickeil Alexander-Walker,Atl,*,G,27.6,78,33.4,23.9,11.9,307,0.902,566,0.525,629,0.399,0.564,0.61,20.8,3.4,3.7,1.3,0.5,2.1,24.3,24.5,27.9,7.7,117.4,112.8
,Franz Wagner,Orl,*,F,24.6,34,30,27,10.3,198,0.823,368,0.533,139,0.345,0.529,0.588,20.6,5.2,3.3,0.9,0.3,1.7,25.8,23.9,29.1,9.4,118.8,110.6
,James Harden,Cle,*,G,36.6,26,33.8,24,19.1,150,0.84,168,0.5,184,0.435,0.58,0.639,20.5,4.8,7.7,0.8,0.5,3.2,25.3,28.2,33,10.8,123.8,113.5
,Tyler Herro,Mia,*,G,26.2,33,31.3,24.7,11,108,0.917,293,0.556,222,0.378,0.561,0.602,20.5,4.8,4.1,0.7,0.4,1.9,25.3,24.6,29.4,9.4,117.1,112.5
,Anthony Davis,Dal,*,F-C,33.1,20,31.3,27.5,10.9,81,0.728,297,0.535,37,0.27,0.521,0.551,20.4,11.1,2.8,1.1,1.7,2.1,31.4,23.2,34.2,11,111.6,109.3
,Alperen Sengun,Hou,*,C,23.7,72,33.3,26.6,16.8,376,0.691,992,0.547,131,0.305,0.537,0.569,20.4,8.9,6.2,1.2,1.1,3.2,29.3,26.5,35.4,12.5,118.2,104.9
,Dillon Brooks,Pho,*,G-F,30.2,56,30.4,28.6,9.4,202,0.842,590,0.492,369,0.344,0.501,0.54,20.2,3.6,1.8,1,0.2,1.8,23.8,22,25.6,6.7,108.4,108.3
,Brandon Miller,Cha,*,F,23.4,65,30.3,28,13.5,223,0.892,511,0.489,533,0.383,0.533,0.574,20.2,4.9,3.3,1,0.7,2.5,25.1,23.5,28.4,9.1,113.9,107.8
,Desmond Bane,Orl,*,G,27.8,82,33.6,23.3,12,346,0.908,778,0.535,427,0.391,0.553,0.607,20.1,4.1,4.1,1,0.5,2,24.2,24.2,28.3,8.3,120.7,109.6
,Bam Adebayo,Mia,*,C-F,28.7,73,32.4,25,9.5,423,0.778,745,0.509,400,0.318,0.497,0.551,20.1,10,3.2,1.2,0.7,1.6,30.1,23.3,33.3,10.7,115.6,109.4
,LaMelo Ball,Cha,*,G,24.6,72,28,32,14,179,0.899,504,0.464,740,0.368,0.516,0.546,20.1,4.8,7.1,1.2,0.2,2.8,24.9,27.2,32,12.6,116.6,106.2
,Karl-Anthony Towns,Nyk,*,C-F,30.4,75,31,25.9,15.3,416,0.858,725,0.557,307,0.368,0.556,0.619,20.1,11.9,3,0.9,0.5,2.5,31.9,23.1,34.9,11.6,123.7,100.6
,Jimmy Butler,Gol,*,F,36.6,38,31.1,23.3,11.5,287,0.864,376,0.553,85,0.376,0.555,0.647,20,5.6,4.9,1.4,0.2,1.6,25.6,24.9,30.4,10.5,137,116.1
,Darius Garland,Lac,*,G,26.2,19,29.1,29.8,16.2,43,0.86,151,0.503,144,0.438,0.578,0.602,19.9,2.3,6.4,1.2,0.3,3,22.2,26.3,28.6,9.1,115.4,114.6
,Ty Jerome,Mem,*,G-F,28.8,15,22.6,32.7,11.1,56,0.875,115,0.522,100,0.42,0.572,0.616,19.7,2.8,5.7,1.1,0.3,1.8,22.5,25.3,28.1,12,125.2,113.9
,Ja Morant,Mem,*,G,26.7,20,28.4,32.5,18,117,0.897,237,0.473,85,0.235,0.441,0.521,19.5,3.3,8.1,1,0.3,3.6,22.7,27.5,30.8,11.3,106.7,116.6
,Jalen Duren,Det,*,C,22.4,70,28.2,23.6,13.9,430,0.747,803,0.65,0,0,0.65,0.688,19.5,10.5,2,0.8,0.8,1.9,30,21.5,32,10.5,135,101.5
,Trae Young,Atl,,G,27.6,10,28,28.7,16.1,73,0.863,76,0.5,59,0.305,0.481,0.577,19.3,1.5,8.9,1,0.1,2.6,20.8,28.2,29.7,9.1,121.5,113.4
,RJ Barrett,Tor,*,F-G,25.8,57,30.3,25.8,10.8,279,0.717,533,0.572,283,0.339,0.55,0.585,19.3,5.3,3.3,0.7,0.3,1.7,24.5,22.6,27.8,9.2,115.4,108.5
,Zach LaVine,Sac,*,G,31.1,39,31.4,23.7,11.9,142,0.88,293,0.556,254,0.39,0.569,0.614,19.2,2.8,2.3,0.7,0.3,1.9,21.9,21.5,24.2,6.3,115,120.2
,Jaren Jackson Jr.,Mem,,F-C,26.6,45,30.7,25.6,13,187,0.797,450,0.531,220,0.359,0.534,0.574,19.2,5.8,1.9,1,1.5,2.2,25,21.1,26.9,7.8,107.1,108.9
,CJ McCollum,Was,,G,34.6,35,30.9,24.4,9.9,102,0.804,285,0.505,244,0.393,0.544,0.573,18.8,3.5,3.6,0.7,0.3,1.7,22.3,22.4,25.9,8,114.4,122.4
,CJ McCollum,Atl,*,G,34.6,41,28.8,26.9,11,135,0.748,359,0.529,266,0.357,0.532,0.56,18.7,3.1,4.1,1,0.6,1.9,21.8,22.8,25.9,8.6,111.8,114.1
,Coby White,Chi,,G,26.2,29,29.1,27.1,18.3,154,0.805,185,0.541,208,0.346,0.529,0.586,18.6,3.7,4.7,0.7,0.1,3,22.3,23.3,27,9.4,108.8,114.1
,De'Aaron Fox,San,*,G,28.3,72,31,24.9,13.5,246,0.76,652,0.58,395,0.332,0.549,0.578,18.6,3.8,6.2,1.2,0.3,2.3,22.3,24.7,28.5,9.8,117.2,107.9
,Jerami Grant,Por,*,F,32.1,57,29.7,23.8,14,322,0.814,380,0.513,350,0.389,0.547,0.608,18.6,3.5,2.1,0.7,0.6,2.1,22.1,20.7,24.2,6.9,119,111.9
,Kon Knueppel,Cha,*,G-F,20.7,81,31.5,22.3,12.9,226,0.863,442,0.548,642,0.425,0.601,0.633,18.5,5.3,3.4,0.7,0.2,2,23.8,21.9,27.2,8.8,124.9,111.2
,DeMar DeRozan,Sac,*,G-F,36.7,77,31.2,22.8,8.7,431,0.868,858,0.527,147,0.32,0.52,0.594,18.4,2.9,4.1,1,0.3,1.2,21.4,22.5,25.5,7.7,124.3,120.1
,Amen Thompson,Hou,*,G-F,23.2,79,37.4,20,15.4,390,0.779,928,0.573,116,0.216,0.545,0.594,18.3,7.8,5.3,1.5,0.6,2.4,26,23.6,31.4,9.7,125.1,110.8
,Evan Mobley,Cle,*,C,24.8,65,31.9,22.5,12.4,297,0.606,650,0.626,209,0.297,0.582,0.596,18.2,9,3.6,0.7,1.7,1.9,27.2,21.8,30.8,10.5,121.1,109.3
,Scottie Barnes,Tor,*,F-G,24.7,80,33.5,23.4,15.7,297,0.815,899,0.557,224,0.304,0.537,0.577,18.1,7.5,5.9,1.4,1.5,2.6,25.6,24,31.5,11.1,116.4,107.3
,Darius Garland,Cle,,G,26.2,26,30.5,25.7,16.2,79,0.861,213,0.521,164,0.36,0.529,0.567,18,2.4,6.9,0.8,0.1,2.8,20.4,24.9,27.3,8.8,114.2,115.5
,Jalen Green,Pho,*,G,24.2,32,25.9,31.9,12.3,87,0.747,285,0.509,227,0.313,0.491,0.516,17.8,3.6,2.8,1.1,0.3,2.3,21.4,20.6,24.2,8.7,102.2,113.5
,Bennedict Mathurin,Ind,,G-F,23.8,28,31.8,23.2,15.2,146,0.884,202,0.48,156,0.372,0.514,0.589,17.8,5.4,2.3,0.6,0.1,2.3,23.1,20,25.4,7.6,109.4,114.2
,Saddiq Bey,Nor,*,G-F,27,72,31.2,21.6,6.6,295,0.841,555,0.514,412,0.367,0.529,0.579,17.7,5.6,2.5,0.9,0.1,0.9,23.2,20.2,25.7,8.1,124.1,119.1
,Collin Sexton,Chi,*,G,27.3,26,26,26.2,13.7,101,0.822,194,0.531,134,0.41,0.566,0.609,17.5,2.9,2.5,1.5,0.1,2,20.3,20,22.9,7.7,113.9,111.3
,Bennedict Mathurin,Lac,*,G-F,23.8,26,28,27.8,14.5,190,0.858,237,0.502,82,0.207,0.453,0.561,17.4,5.5,2.5,1,0.3,2.1,22.8,19.9,25.4,8.9,113.4,110.1
,Kevin Porter Jr.,Mil,*,G-F,25.9,38,33.2,24.3,17.6,156,0.878,371,0.52,143,0.322,0.51,0.567,17.4,5.2,7.4,2.2,0.5,2.9,22.6,24.8,30,10.5,115.3,114.1
,Paul George,Phi,*,F,35.9,37,30.7,23.3,11.1,111,0.82,258,0.484,255,0.392,0.536,0.57,17.3,5.3,3.6,1.7,0.4,1.7,22.6,20.9,26.2,9,114.4,110
,Ryan Rollins,Mil,*,G,23.8,74,32.1,24.2,16.3,157,0.796,577,0.523,453,0.406,0.561,0.583,17.3,4.6,5.6,1.5,0.4,2.7,21.9,22.9,27.5,9.5,112.1,114.3
,Jalen Williams,Okc,*,G-F,25,33,28.4,26.1,12.4,129,0.837,369,0.523,77,0.299,0.51,0.56,17.1,4.6,5.5,1.2,0.3,1.9,21.7,22.5,27.2,10.7,116.5,104.7
,Kristaps Porzingis,Atl,,F-C,30.7,17,24.3,26.4,7.1,81,0.84,124,0.524,86,0.36,0.531,0.592,17.1,5.1,2.7,0.5,1.3,0.9,22.2,19.8,24.9,10.2,124,104.4
,Miles Bridges,Cha,*,F,28.1,77,31,22.3,9.3,253,0.822,597,0.554,445,0.333,0.531,0.57,17.1,5.8,3.2,0.6,0.4,1.4,22.9,20.3,26.1,8.8,120.7,111.9
,Chet Holmgren,Okc,*,C-F,24,69,28.9,21.9,12.1,284,0.792,536,0.646,243,0.362,0.614,0.653,17.1,8.9,1.7,0.6,1.9,1.6,26,18.8,27.7,8.8,126.5,100.9
,Josh Giddey,Chi,*,G,23.5,54,32.1,24.4,21.5,228,0.763,434,0.502,283,0.364,0.52,0.562,17,8.3,9.1,1,0.5,3.6,25.3,26.2,34.5,13.5,112.9,114.2
,Payton Pritchard,Bos,*,G,28.2,79,32.3,21.4,9.1,136,0.89,529,0.556,562,0.377,0.561,0.584,17,3.9,5.2,0.7,0.1,1.4,21,22.2,26.1,8.7,126.6,113.9
,Andrew Nembhard,Ind,*,G-F,26.2,57,31.3,23.6,15.4,234,0.825,457,0.495,296,0.361,0.513,0.564,16.9,2.8,7.7,0.9,0.1,2.4,19.8,24.6,27.4,9.1,115.6,117.3
,Nikola Vucevic,Chi,,C,35.5,48,30.8,21.4,9.5,74,0.838,442,0.568,218,0.376,0.567,0.585,16.9,9,3.8,0.7,0.6,1.4,25.9,20.6,29.6,10.8,120.2,113.2
,Dejounte Murray,Nor,*,G,29.6,14,27.8,26.6,20.5,45,0.867,120,0.575,62,0.306,0.536,0.58,16.7,5.4,6.4,1.6,0.2,3.4,22.1,23.1,28.4,12,109.5,111
,O.G. Anunoby,Nyk,*,F-G,28.7,67,33.2,19.7,13.3,221,0.828,397,0.584,407,0.386,0.581,0.62,16.7,5.2,2.2,1.6,0.7,1.8,21.9,18.9,24.1,6.9,120.1,108.5
,Stephon Castle,San,*,G,21.4,68,30,24.8,20.9,384,0.734,571,0.529,244,0.332,0.52,0.574,16.6,5.3,7.4,1.1,0.3,3.2,21.9,24,29.3,11.6,116,103.3
,Grayson Allen,Pho,*,G,30.5,51,28.8,23.8,11.1,168,0.857,212,0.519,455,0.349,0.522,0.568,16.5,3,3.8,1.4,0.3,1.6,19.5,20.3,23.4,8,118.8,111.2
,Derrick White,Bos,*,G,31.8,77,34.1,22,10.8,204,0.902,468,0.487,640,0.327,0.489,0.529,16.5,4.4,5.4,1.1,1.3,1.7,20.9,21.8,26.2,8.6,117.7,113.2
,Immanuel Quickley,Tor,*,G,26.8,70,31.9,21.1,10.1,207,0.821,429,0.52,476,0.374,0.541,0.577,16.4,4,5.9,1.3,0.1,1.5,20.5,22.4,26.4,9.1,121.3,111.1
,Dariq Whitehead,Mem,*,G-F,21.7,6,30.5,24.1,9.7,7,0.714,33,0.545,60,0.317,0.5,0.51,16.3,4,1.5,0.7,0,1.7,20.3,17.8,21.8,6,95.8,116.5
,Jrue Holiday,Por,*,G,35.8,53,29.4,23.5,17.1,105,0.838,347,0.527,362,0.378,0.548,0.573,16.3,4.6,6.1,1,0.1,2.8,20.9,22.4,27,10.5,116.5,114.2
,Alexandre Sarr,Was,*,C,21,48,27.2,25.7,11.1,144,0.688,506,0.526,150,0.333,0.52,0.543,16.3,7.4,2.7,0.8,2,1.7,23.7,19,26.4,10.1,111,116.9
,Matas Buzelis,Chi,*,F,21.5,77,29.2,22.7,14.2,238,0.786,468,0.583,495,0.349,0.553,0.586,16.3,5.8,2.1,0.7,1.5,2.1,22.1,18.3,24.1,8,108.6,113.3
,Aaron Gordon,Den,*,F,30.6,36,27.9,21.9,8.7,163,0.767,241,0.568,157,0.389,0.574,0.62,16.2,5.8,2.7,0.6,0.3,1.1,22,18.8,24.6,9.1,127.8,113.8
,Kristaps Porzingis,Gol,*,F-C,30.7,15,23.7,28.3,12.3,77,0.844,104,0.519,74,0.311,0.497,0.571,16.1,5.3,2.3,0.6,1.1,1.7,21.5,18.5,23.8,9.8,114.9,107.5
,VJ Edgecombe,Phi,*,G,20.7,75,35,20.1,11.7,182,0.819,609,0.496,421,0.354,0.51,0.541,16,5.6,4.2,1.4,0.5,1.8,21.6,20.2,25.8,8.3,113.5,111.3
,Domantas Sabonis,Sac,*,F-C,29.9,19,29.7,23.1,18.7,77,0.727,194,0.593,27,0.185,0.554,0.59,15.8,11.4,4.1,0.9,0.2,2.7,27.2,19.9,31.3,12.2,116.5,108.3
,Jabari Smith Jr.,Hou,*,F,22.9,77,35.1,18.2,9.7,209,0.775,486,0.537,488,0.363,0.541,0.57,15.8,6.9,1.9,0.7,0.9,1.4,22.6,17.6,24.5,6.7,119.6,109.7
,Coby White,Cha,*,G,26.2,21,19.4,32.1,14.8,87,0.839,120,0.525,110,0.391,0.554,0.611,15.6,3,3,0.2,0.1,1.9,18.6,18.7,21.6,10.7,120.3,108.3
,Cam Thomas,Bro,,G,24.5,24,24.2,30.2,13.5,107,0.841,191,0.445,117,0.325,0.461,0.527,15.6,1.8,3.1,0.2,0.1,2,17.4,18.7,20.5,7.3,103.9,121.1
,Jaime Jaquez Jr.,Mia,*,G,25.1,75,28.3,22.3,14.2,216,0.769,732,0.555,183,0.317,0.539,0.57,15.4,5,4.7,0.7,0.3,2,20.4,20.1,25.1,10.1,115.1,112.2
,Andrew Wiggins,Mia,*,F,31.1,68,30.3,19.7,11.1,162,0.784,488,0.516,333,0.414,0.559,0.586,15.4,4.8,2.7,1.1,1,1.5,20.2,18,22.9,7.7,117.2,111
,Jarrett Allen,Cle,*,C,28,56,27.1,19.9,12.4,261,0.709,518,0.649,10,0.1,0.639,0.669,15.4,8.5,1.8,1,0.8,1.3,23.9,17.1,25.6,9.1,133,109.8
,Trae Young,Was,*,G,27.6,5,20.7,26.4,23.5,24,0.708,21,0.762,21,0.429,0.702,0.723,15.2,3,6.2,0.6,0.2,2.6,18.2,21.4,24.4,12.7,132.7,115.1
,Anfernee Simons,Chi,*,G,26.8,6,28.4,23.3,13.9,5,1,30,0.633,50,0.32,0.538,0.554,15.2,2.8,3,0,0.3,2.2,18,18.2,21,7.1,103.6,118.3
,Russell Westbrook,Sac,*,G,37.4,64,28.9,25.9,19.9,183,0.694,460,0.5,379,0.338,0.503,0.528,15.2,5.4,6.7,1.3,0.2,3.3,20.6,21.8,27.3,11.3,105,115.6
,Naji Marshall,Dal,*,F,28.2,74,29.5,20.5,12.7,300,0.76,608,0.587,213,0.291,0.548,0.592,15.2,4.7,3.3,1.1,0.1,1.6,19.9,18.5,23.2,8.4,116.9,113
,Onyeka Okongwu,Atl,*,F-C,25.3,74,31,19.5,12.9,202,0.757,477,0.564,383,0.376,0.564,0.592,15.2,7.6,3.1,1.1,1.1,1.7,22.8,18.3,25.9,9.2,117.9,105.7
,Kennedy Chandler,Uta,*,G,23.6,11,32.3,20.7,14.3,43,0.651,99,0.465,38,0.395,0.5,0.529,15,3.4,6.7,1,0.2,2.1,18.4,21.7,25.1,8.7,111.6,121
,Ayo Dosunmu,Chi,,G,26.2,45,26.4,20.8,11.1,105,0.857,293,0.556,193,0.451,0.604,0.636,15,3,3.6,0.8,0.3,1.4,18.1,18.7,21.7,8.3,124.7,116.7
,Anthony Black,Orl,*,G,22.2,64,29.8,22.2,14.6,231,0.732,472,0.519,301,0.332,0.511,0.548,15,3.8,3.7,1.4,0.7,2.1,18.8,18.7,22.5,8,107.8,108.5
,Brice Sensabaugh,Uta,*,F,22.5,75,23.5,24.9,12.6,201,0.826,415,0.559,442,0.367,0.554,0.59,14.9,3.1,1.9,0.7,0.2,1.7,18,16.8,19.9,7.6,111,118.8
,Jaden McDaniels,Min,*,F,25.5,73,31.7,18.5,13.9,176,0.835,559,0.562,250,0.412,0.579,0.611,14.8,4.2,2.7,1.1,1,1.8,19.1,17.6,21.8,7,117.7,107.7
,Kyshawn George,Was,*,F,22.3,48,29,22.8,17.8,131,0.802,317,0.486,260,0.381,0.524,0.559,14.8,5.1,4.5,1,0.9,2.6,19.9,19.3,24.4,9.6,107.7,113.8
,Peyton Watson,Den,*,G,23.6,54,29.6,20.6,13.8,189,0.73,384,0.531,197,0.411,0.56,0.594,14.6,4.9,2.1,0.9,1.1,1.7,19.5,16.7,21.6,7.2,112.6,111.1
,Ayo Dosunmu,Min,*,G,26.2,24,28.9,19,11.8,40,0.925,174,0.575,87,0.414,0.59,0.619,14.4,4.2,3.5,1,0.3,1.5,18.6,17.9,22.1,8.2,122.3,110.3
,Walker Kessler,Uta,*,C,24.7,5,30.8,16.5,30,20,0.7,29,0.69,8,0.75,0.784,0.786,14.4,10.8,3,1.4,1.8,3.2,25.2,17.4,28.2,10.1,129.9,108.1
,Ivica Zubac,Lac,,C,29.1,43,30.9,19,16,132,0.705,429,0.613,0,0,0.613,0.635,14.4,11,2.2,0.4,0.8,1.9,25.4,16.6,27.6,9.1,126.1,108.9
,Mikal Bridges,Nyk,*,G-F,29.6,82,32.8,17.3,7.9,98,0.827,543,0.582,420,0.371,0.571,0.587,14.4,3.8,3.7,1.3,0.8,1,18.2,18.1,21.9,7.2,125.4,111.7
,Cormac Ryan,Mil,*,G,27.5,11,24.6,21.3,14.2,26,0.923,43,0.605,59,0.458,0.652,0.692,14.3,2.5,1.7,1,0.3,1.5,16.8,16,18.5,6.4,124.1,114
,Jeremiah Fears,Nor,*,G,19.5,82,25.8,25.5,15,246,0.789,700,0.48,306,0.33,0.485,0.525,14.3,3.7,3.4,1.2,0.4,2.2,17.9,17.7,21.3,8.8,104.1,115.4
,Scoot Henderson,Por,*,G,22.2,30,24.9,25,17.6,100,0.84,180,0.478,162,0.352,0.501,0.553,14.2,2.7,3.7,0.9,0.3,2.4,16.9,18,20.6,8.4,109.6,108.1
,P.J. Washington,Dal,*,F,27.6,56,31,20.1,12.5,182,0.687,424,0.519,234,0.325,0.508,0.537,14.2,7,1.8,1,1.1,1.7,21.2,15.9,22.9,7.3,105.5,111.5
,Anfernee Simons,Bos,,G,26.8,49,24.5,23.7,9,72,0.889,239,0.502,329,0.395,0.555,0.579,14.2,2.4,2.4,0.6,0.1,1.1,16.6,16.5,18.9,7.1,119,111.9
,Collin Sexton,Cha,,G,27.3,42,22.3,25.8,17.7,154,0.877,269,0.539,145,0.393,0.557,0.619,14.2,1.9,3.7,0.9,0.2,2.1,16.1,17.9,19.8,8.3,120.4,110.6
,Tre Jones,Chi,*,G,26.3,65,27,19.2,13,227,0.841,487,0.616,130,0.315,0.586,0.637,14.1,3.1,5.4,1.2,0.2,1.4,17.2,19.4,22.6,9.2,130.3,116.9
,Kelly Oubre Jr.,Phi,*,F-G,30.3,50,31.5,18.1,11.2,145,0.766,305,0.551,239,0.36,0.546,0.58,14.1,5,1.6,1.4,0.5,1.4,19.1,15.7,20.7,6.1,114,110.8
,Keegan Murray,Sac,*,F,25.6,23,34.5,18.7,8.2,49,0.776,188,0.505,112,0.277,0.472,0.499,14,5.7,1.7,1,1.6,1.2,19.7,15.6,21.3,6,104.3,119.9
,De'Andre Hunter,Cle,,F-G,28.4,43,26.2,22.9,12.8,137,0.869,245,0.535,237,0.308,0.499,0.553,14,4.2,2.1,0.7,0.2,1.7,18.2,16,20.3,7.6,109,109.3
,Santi Aldama,Mem,*,F-C,25.3,43,27.9,20.2,10.4,114,0.667,276,0.572,200,0.35,0.553,0.572,14,6.7,2.9,0.9,0.7,1.3,20.7,16.9,23.6,9.3,117,115.4
,Devin Vassell,San,*,G-F,25.6,67,30.5,18,7.4,130,0.815,322,0.509,433,0.383,0.547,0.574,13.9,4,2.5,0.9,0.4,0.9,17.9,16.4,20.4,6.8,118.4,110.5
,Aaron Nesmith,Ind,*,G-F,26.5,45,29.7,19.8,10.9,111,0.829,235,0.455,277,0.379,0.517,0.554,13.8,4.2,1.9,0.6,0.5,1.4,18,15.7,19.9,6.5,108.1,114.5
,Ace Bailey,Uta,*,F,19.7,72,27.6,21.5,10.7,88,0.75,494,0.522,398,0.344,0.52,0.533,13.8,4.2,1.8,0.8,0.7,1.5,18,15.6,19.8,6.8,105.2,117.1
,Jalen Suggs,Orl,*,G,24.9,57,27.6,22.9,19,117,0.855,289,0.554,360,0.339,0.529,0.561,13.8,3.9,5.5,1.8,0.7,2.7,17.6,19.3,23.1,9.7,108.1,106.6
,Brandin Podziemski,Gol,*,G,23.1,82,28.4,20.1,13.1,241,0.797,454,0.531,412,0.371,0.543,0.583,13.8,5.1,3.7,1.1,0.2,1.6,18.9,17.5,22.6,9,117.7,113
,Bobby Portis,Mil,*,F,31.2,67,24.2,23.1,8.1,68,0.706,454,0.509,296,0.456,0.578,0.587,13.7,6.4,1.6,0.6,0.2,1,20,15.2,21.6,8.6,115.6,114.2
,Zach Edey,Mem,*,C,23.9,11,25.8,20.2,20.9,32,0.781,93,0.656,5,0.2,0.638,0.669,13.6,11.1,1.1,0.6,1.9,2.4,24.7,14.7,25.8,8.5,120.5,104.5
,Naz Reid,Min,*,C-F,26.6,77,26.1,22.1,12.6,123,0.732,423,0.556,448,0.362,0.549,0.565,13.6,6.2,2.2,1,1,1.6,19.8,15.8,22,8.7,110.7,105.4
,John Collins,Lac,*,F-C,28.6,69,27.1,19.5,12.6,154,0.766,440,0.625,219,0.406,0.62,0.643,13.6,5.3,1,0.9,0.7,1.4,18.9,14.6,19.9,6.1,121.9,108.9
,Cedric Coward,Mem,*,G,22.6,62,25.8,21.5,13.9,166,0.843,373,0.568,275,0.338,0.542,0.585,13.6,5.9,2.8,0.6,0.4,1.7,19.5,16.4,22.2,9.4,114.7,113.7
,Ajay Mitchell,Okc,*,G,23.8,57,25.8,21.8,12.1,162,0.87,414,0.543,176,0.347,0.536,0.585,13.6,3.3,3.6,1.2,0.3,1.4,16.9,17.2,20.5,8.4,118.9,104.1
,Tim Hardaway Jr.,Den,*,G-F,34.1,80,26.6,18.5,5.2,196,0.811,229,0.541,549,0.408,0.591,0.624,13.5,2.6,1.4,0.5,0.1,0.5,16.1,14.8,17.4,5.5,124,117.4
,Reed Sheppard,Hou,*,G,21.8,82,26.2,21.7,11.5,86,0.802,370,0.486,576,0.394,0.55,0.564,13.5,2.9,3.4,1.5,0.7,1.5,16.4,16.9,19.8,7.8,117.5,108.8
,Toumani Camara,Por,*,F,25.9,82,33.3,16.3,13.9,137,0.708,299,0.579,592,0.37,0.563,0.578,13.4,5.1,2.5,1.1,0.4,1.8,18.5,15.9,21,6.7,115.3,110.4
,Jordan Poole,Nor,*,G,26.8,39,23.9,25.1,13.4,114,0.86,156,0.442,288,0.333,0.48,0.53,13.4,2,3.1,0.6,0.4,1.8,15.4,16.5,18.5,7.3,106.2,115.3
,Quentin Grimes,Phi,*,G,25.9,75,29.4,19,15,237,0.84,375,0.568,380,0.334,0.534,0.585,13.4,3.6,3.3,0.9,0.4,1.8,17.1,16.7,20.3,7.4,115,113.6
,Tobias Harris,Det,*,F,33.7,63,27.7,18.8,8.7,157,0.866,436,0.521,223,0.368,0.531,0.574,13.3,5.1,2.5,0.9,0.4,1,18.4,15.8,20.9,8,121.3,108.3
,Keldon Johnson,San,*,F-G,26.5,82,23.3,21,8.1,194,0.794,524,0.601,273,0.363,0.582,0.613,13.2,5.4,1.4,0.6,0.1,0.9,18.5,14.5,19.9,8,125.5,105.9
,Jaylon Tyson,Cle,*,G-F,23.4,66,26.9,19.3,12.9,107,0.738,372,0.53,298,0.446,0.592,0.608,13.2,5.1,2.2,0.8,0.4,1.5,18.3,15.4,20.6,7.9,119.6,109.8
,Brandon Williams,Dal,*,G,26.4,66,22.2,25.1,16.8,304,0.793,462,0.552,155,0.232,0.501,0.572,13,2.9,3.9,0.9,0.3,1.9,15.9,16.9,19.8,9.5,112.4,112.8
,Kyle Kuzma,Mil,*,F,30.7,69,26.2,21.8,14.7,186,0.726,450,0.569,239,0.347,0.552,0.581,13,4.5,2.7,0.7,0.4,1.7,17.5,15.7,20.2,8.3,111.3,115.7
,Dennis Schroder,Sac,,G,32.6,40,26.4,22.5,15.8,133,0.82,256,0.449,166,0.343,0.475,0.531,12.8,3.1,5.3,0.8,0.2,2,15.8,18,21.1,9,110.4,119.8
,Sam Merrill,Cle,*,G,29.9,52,26.5,17,8,69,0.855,109,0.596,375,0.421,0.624,0.644,12.8,2.6,2.4,0.6,0.1,0.8,15.3,15.2,17.7,6.5,129.3,111.7
,Collin Gillespie,Pho,*,G,26.8,80,28.5,18.7,12.8,87,0.874,264,0.455,578,0.401,0.556,0.575,12.7,4.1,4.6,1.2,0.2,1.6,16.8,17.3,21.4,8.7,121.9,113.2
,Jaden Hardy,Was,*,G,23.8,23,20.4,25.4,12.9,35,0.686,97,0.474,138,0.42,0.566,0.579,12.6,1.7,1.3,0.3,0.2,1.5,14.3,13.9,15.6,5.9,104,119
,GG Jackson,Mem,*,F,21.3,55,21.4,23.5,14.2,151,0.742,321,0.595,193,0.332,0.558,0.591,12.5,4.3,1.5,0.6,0.8,1.5,16.7,13.9,18.2,8.1,109.8,115.8
,Malik Monk,Sac,*,G,28.2,62,22,24,12.6,107,0.879,318,0.481,314,0.395,0.536,0.568,12.5,1.9,3,0.6,0.4,1.5,14.3,15.4,17.3,7.5,111.3,119.4
,Maxime Raynaud,Sac,*,C,23,74,26.5,18.2,12.4,168,0.786,597,0.601,74,0.324,0.589,0.619,12.5,7.5,1.4,0.5,0.5,1.3,20,13.8,21.3,7.7,120.9,114.2
,Jaylen Wells,Mem,*,F,22.6,69,26.4,19.3,9.6,171,0.784,333,0.517,365,0.353,0.524,0.559,12.5,3.2,1.6,0.9,0.1,1.1,15.7,14.1,17.3,6.1,111.7,115.9
,Deandre Ayton,Lal,*,C,27.7,72,27.2,16.7,12.1,141,0.645,601,0.671,0,0,0.671,0.676,12.5,8,0.8,0.6,1,1.2,20.4,13.3,21.3,6.3,131.6,109.5
,Jonathan Kuminga,Atl,*,F,23.5,16,22.2,22.5,12.6,57,0.702,93,0.548,52,0.346,0.538,0.576,12.3,5.3,2.1,0.9,0.3,1.3,17.6,14.3,19.6,9.3,114.7,110.3
,De'Anthony Melton,Gol,*,G,27.9,49,23,25.4,14.7,121,0.826,283,0.505,246,0.293,0.474,0.517,12.3,3.2,2.6,1.6,0.4,1.9,15.5,14.8,18.1,8.1,102.1,110.2
,Max Christie,Dal,*,G,23.2,77,29.1,16.4,11.7,139,0.899,279,0.502,446,0.404,0.566,0.601,12.3,3.2,2,0.6,0.4,1.2,15.5,14.2,17.5,5.9,113.4,116.9
,Tre Johnson,Was,*,G,20.1,60,24,22.6,12.6,89,0.876,326,0.479,321,0.358,0.508,0.536,12.3,2.8,2,0.6,0.3,1.6,15.1,14.3,17.1,6.8,103.3,120.2
,Noah Clowney,Bro,*,F-C,21.7,66,27,20.4,13.9,224,0.804,239,0.506,392,0.329,0.498,0.554,12.3,4.1,1.6,0.8,0.7,1.5,16.4,13.9,18,6.4,106.8,113.1
,Rayan Rupert,Mem,*,G-F,21.9,16,31,17.7,14,40,0.825,101,0.475,65,0.338,0.488,0.531,12.2,6.4,2.1,1.6,0.4,1.7,18.6,14.3,20.7,7.1,106.3,107.4
,Cameron Johnson,Den,*,F,30.1,54,30.5,15.1,9,112,0.839,219,0.539,256,0.43,0.596,0.629,12.2,3.8,2.4,0.7,0.4,0.9,16,14.7,18.5,6.3,127.2,113.6
,Donte DiVincenzo,Min,*,G,29.2,82,30.4,16.9,12.4,105,0.743,191,0.497,644,0.379,0.552,0.567,12.2,4.1,3.8,1.3,0.4,1.4,16.3,16,20.1,7.6,116.6,110
,Duncan Robinson,Det,*,F,32,77,27.4,15.8,7.2,110,0.755,162,0.605,536,0.41,0.613,0.629,12.2,2.7,2.1,0.6,0.3,0.7,14.9,14.3,16.9,6,128.6,109.4
,Moses Moody,Gol,*,G,23.9,60,25.7,18.3,9.3,113,0.77,180,0.522,377,0.401,0.575,0.6,12.1,3.3,1.6,1,0.6,1,15.5,13.8,17.1,6.2,118.4,112.3
,Donovan Clingan,Por,*,C,22.1,77,27.2,16.9,12.2,203,0.68,438,0.621,246,0.341,0.582,0.604,12.1,11.6,2.1,0.6,1.7,1.2,23.7,14.2,25.8,9.8,131.3,106
,Jonathan Kuminga,Gol,,F,23.5,20,23.8,24,19.1,66,0.742,141,0.504,53,0.321,0.497,0.543,12.1,5.9,2.5,0.4,0.3,2.3,18,14.6,20.5,9.5,103.6,111.8
,Tristen Newton,Hou,*,G,25,1,12,36.1,0,3,0.667,4,0.5,5,0.4,0.556,0.581,12,3,0,1,0,0,15,12,15,0,131,116.4
,Josh Hart,Nyk,*,G,31.1,66,30.2,16.6,17.8,125,0.72,350,0.574,242,0.413,0.593,0.612,12,7.4,4.8,1.1,0.3,1.9,19.4,16.8,24.2,10,122.9,105.7
,Christian Braun,Den,*,G,25,44,31.8,14.8,9.9,101,0.782,246,0.646,143,0.301,0.575,0.607,12,4.8,2.7,0.7,0.3,1,16.8,14.7,19.5,6.8,126.4,113.8
,Miles McBride,Nyk,*,G,25.6,41,26.3,18.1,7.5,47,0.787,133,0.444,271,0.413,0.562,0.578,12,2.4,2.6,0.9,0.2,0.8,14.4,14.6,17,6.4,122.4,112.1
,Blake Hinson,Uta,*,F,26.3,14,20.4,18.3,4.2,16,0.75,36,0.611,79,0.468,0.674,0.684,11.9,2.4,1.1,0.4,0.1,0.4,14.3,13.1,15.4,6.2,134.8,119.9
,Myles Turner,Mil,*,C-F,30.1,71,26.9,18.6,11.4,177,0.74,262,0.523,384,0.383,0.553,0.584,11.9,5.3,1.5,0.7,1.6,1.2,17.2,13.4,18.7,6.8,113.9,112.3
,Dyson Daniels,Atl,*,G,23.1,76,33.2,16,14.8,122,0.615,660,0.576,117,0.188,0.532,0.542,11.9,6.8,5.9,2,0.4,1.8,18.7,17.8,24.6,9.4,119.9,110.3
,Julian Reese,Was,*,F,22.8,13,30.9,17.7,21.2,44,0.636,119,0.529,0,0,0.529,0.557,11.8,10.5,1.8,1.4,0.6,2.5,22.4,13.7,24.2,7.9,110.4,113.1
,Dylan Harper,San,*,G,20.1,69,22.6,21.8,13.1,119,0.756,478,0.565,178,0.343,0.551,0.574,11.8,3.4,3.9,0.8,0.3,1.4,15.2,15.6,19,9.5,117.3,106
,Wendell Carter Jr.,Orl,*,C-F,27,78,29.3,15.6,13.6,250,0.792,411,0.618,226,0.319,0.568,0.617,11.8,7.4,2,0.8,0.6,1.3,19.2,13.8,21.2,7.6,124.6,104.6
,Leonard Miller,Chi,*,F,22.4,27,23.1,18.3,10.5,42,0.762,142,0.676,87,0.356,0.622,0.64,11.7,5.8,1.3,0.5,0.6,1,17.5,13,18.8,7.7,124.3,112.6
,Isaiah Collier,Uta,*,G,21.5,59,25.7,20.5,22.3,209,0.722,416,0.548,100,0.27,0.52,0.566,11.7,2.5,7.2,1.1,0.3,2.5,14.2,18.8,21.4,9.3,113.5,117.5
,Bilal Coulibaly,Was,*,G,21.7,56,26.2,19.9,13,177,0.746,337,0.49,204,0.319,0.485,0.531,11.7,4.3,2.6,1.3,1,1.4,16.1,14.3,18.7,7.7,108,117
,Mark Williams,Pho,*,C,24.3,60,23.6,17.4,12.9,175,0.771,437,0.643,1,1,0.645,0.68,11.7,7.9,1,0.9,0.9,1.1,19.6,12.6,20.6,7.7,136.4,105.6
,Klay Thompson,Dal,*,G,36.2,69,21.7,22.7,8,47,0.766,201,0.418,527,0.383,0.532,0.541,11.7,2.1,1.4,0.5,0.3,0.9,13.8,13.1,15.2,6,104.8,117.1
,Derik Queen,Nor,*,C,21.3,81,25,21.8,20.2,273,0.795,660,0.502,88,0.261,0.489,0.546,11.7,7.1,3.7,1,0.9,2.3,18.8,15.4,22.5,10.8,108.6,108.5
,Nic Claxton,Bro,*,C,27,69,27.8,17.7,14.1,229,0.616,564,0.585,19,0.158,0.574,0.592,11.7,6.9,3.7,0.7,1.1,1.4,18.7,15.4,22.3,9.6,124.2,113.7
,Ivica Zubac,Ind,*,C,29.1,5,23.7,22,7,10,0.8,53,0.472,0,0,0.472,0.505,11.6,7.2,1.8,0.4,0.8,0.8,18.8,13.4,20.6,9,112.9,114.9
,Jarace Walker,Ind,*,F,22.6,76,25.7,20.7,15.9,183,0.749,377,0.462,356,0.374,0.51,0.543,11.6,5.1,2.5,0.8,0.3,1.8,16.8,14.2,19.3,8.2,102.4,114.9
,Obi Toppin,Ind,*,F,28.1,24,17.7,24.8,12.3,46,0.913,94,0.67,105,0.352,0.595,0.636,11.6,4.4,2.3,0.5,0,1.2,16,13.9,18.3,11.1,120.3,113.6
,Jaden Ivey,Chi,*,G,24.2,4,28.9,16.6,14.2,9,0.889,15,0.467,21,0.381,0.528,0.576,11.5,4.8,4,2,0.5,1.5,16.3,15.5,20.3,8.4,119.3,112
,Rui Hachimura,Lal,*,F,28.2,68,28.3,15.2,6.6,72,0.694,335,0.57,262,0.443,0.611,0.62,11.5,3.3,0.8,0.6,0.3,0.6,14.8,12.3,15.6,4.4,120.9,115
,Scotty Pippen Jr.,Mem,*,G,25.4,10,21.2,26.1,21.9,23,0.783,64,0.516,32,0.313,0.5,0.537,11.4,2.2,4.7,1.9,0.4,2.7,13.6,16.1,18.3,9.3,103.2,106.6
,Kyle Filipowski,Uta,*,C,22.4,77,23.4,20,16,212,0.75,429,0.58,228,0.325,0.548,0.586,11.4,7.2,2.6,0.9,0.5,1.6,18.6,14,21.2,10.2,116.1,109.2
,Pelle Larsson,Mia,*,G,25.1,70,26.4,16.8,15.3,231,0.797,367,0.586,192,0.323,0.551,0.605,11.4,3.5,3.4,0.7,0.2,1.4,14.9,14.8,18.3,7.8,121.3,111.5
,Jock Landale,Mem,,C,30.5,45,23.6,18.6,10.6,89,0.674,260,0.581,129,0.38,0.577,0.594,11.3,6.5,1.7,0.6,0.5,1,17.8,13,19.5,8.5,125.2,112.9
,Max Strus,Cle,*,G-F,30,12,24,17.4,7.8,9,0.778,24,0.583,82,0.402,0.599,0.609,11.2,5.4,2,0.3,0,0.8,16.6,13.2,18.6,8.2,123.8,106
,Sandro Mamukelashvili,Tor,*,F-C,26.9,80,21.9,18.8,9.6,158,0.747,335,0.642,296,0.389,0.614,0.637,11.2,4.9,1.9,0.8,0.5,0.8,16.1,13.1,18,8.6,127.8,107.2
,Isaiah Joe,Okc,*,G,26.8,71,21.2,18.4,7.6,123,0.894,115,0.574,428,0.423,0.622,0.657,11.1,2.5,1.3,0.7,0.2,0.6,13.6,12.4,14.9,6.2,128.9,105.2
,Julian Champagnie,San,*,F,24.8,82,27.6,15.2,9.2,135,0.844,177,0.599,512,0.381,0.578,0.609,11.1,5.8,1.5,0.8,0.5,0.9,16.9,12.7,18.5,6.6,122.3,108.1
,Cam Spencer,Mem,*,G,26,72,23.8,17.2,14.3,134,0.94,230,0.509,326,0.448,0.604,0.649,11.1,2.5,5.6,0.7,0.2,1.3,13.6,16.6,19.2,9,133.4,118.5
,Kel'el Ware,Mia,*,C,22,77,22.1,18,8.7,95,0.747,416,0.606,233,0.395,0.601,0.616,11.1,9,0.7,0.8,1.1,0.8,20.1,11.8,20.8,7.5,127.2,106.6
,Keshon Gilbert,Atl,*,G,22.8,1,25.5,18.5,19.2,3,1,7,0.571,1,0,0.5,0.59,11,0,9,1,0,2,11,20,20,0,127.2,114.1
,Alondes Williams,Was,*,G,26.8,4,25.2,14.3,15.9,8,0.875,12,0.917,14,0.357,0.712,0.745,11,6.3,3,0.8,0.8,1.3,17.3,14,20.3,9.4,140.7,121.4
,Ousmane Dieng,Mil,*,F,22.9,30,26.8,21.5,17.9,39,0.667,171,0.497,136,0.331,0.497,0.511,11,4.6,3.6,0.8,0.3,2.2,15.6,14.6,19.2,8.5,98.9,115.9
,Marvin Bagley III,Dal,*,F,27.1,22,21.4,18,9.3,47,0.553,132,0.636,33,0.485,0.655,0.652,11,6.8,1.3,0.4,0.7,0.8,17.8,12.3,19.1,8.6,132.2,108.7
,Rudy Gobert,Min,*,C,33.8,76,31.3,12.9,17.7,302,0.526,486,0.689,5,0,0.682,0.664,10.9,11.5,1.7,0.8,1.6,1.4,22.4,12.6,24.1,7.6,134.6,106.1
,Jusuf Nurkic,Uta,*,C,31.6,41,26.4,19.3,22,113,0.549,287,0.54,71,0.352,0.538,0.548,10.9,10.4,4.8,1.3,0.5,2.5,21.3,15.7,26,12.4,110.8,107.3
,Kevin Huerter,Chi,,G-F,27.6,44,23.6,19.2,10.8,56,0.732,181,0.63,223,0.314,0.542,0.559,10.9,3.8,2.6,0.8,0.6,1.1,14.7,13.5,17.4,8.1,111.2,113.1
,Tyler Burton,Mem,*,F,26.2,12,25.6,18.3,8.9,27,0.852,46,0.435,66,0.333,0.473,0.521,10.8,4.2,1,0.9,0.3,0.9,14.9,11.8,15.9,5.6,105,112
,Josh Minott,Bro,*,F,23.4,16,19.3,21.9,16.5,35,0.8,40,0.675,76,0.395,0.621,0.654,10.8,2.5,0.8,1.3,0.8,1.4,13.3,11.6,14.1,5.8,112.1,114.1
,Daeqwon Plowden,Sac,*,G-F,27.6,32,26.4,16.4,8.5,49,0.857,93,0.624,186,0.333,0.541,0.572,10.8,3,1.3,0.7,0.2,0.8,13.8,12,15.1,5.3,116.6,117.2
,Cam Thomas,Mil,*,G,24.5,18,16.6,30.4,14.5,61,0.754,102,0.51,51,0.275,0.477,0.534,10.7,1.6,1.9,0.3,0.1,1.4,12.2,12.6,14.1,7.7,102,122.1
,Bub Carrington,Was,*,G,20.7,82,27.7,18,20.5,111,0.73,327,0.443,414,0.408,0.538,0.556,10.7,3.4,4.6,0.6,0.2,2.3,14.1,15.4,18.7,8,105.6,120.3
,Jakob Poeltl,Tor,*,C,30.5,46,25,15.3,15.5,98,0.602,310,0.7,0,0,0.7,0.698,10.7,7,2,0.9,0.7,1.2,17.7,12.7,19.8,8.5,133.8,102
,Charles Bassey,Gol,*,C-F,25.5,5,20.1,17.2,11.3,13,0.846,31,0.677,0,0,0.677,0.722,10.6,7.2,1,0.4,1.4,0.8,17.8,11.6,18.8,8.4,143.8,105.3
,Taylor Hendricks,Mem,*,F,22.4,26,24.1,18.2,11.7,40,0.65,113,0.584,114,0.342,0.548,0.562,10.6,4.7,1.2,1.4,0.8,1.2,15.3,11.8,16.5,6.5,109.5,111.4
,Tari Eason,Hou,*,F,24.9,60,25.8,18.7,12.2,67,0.776,320,0.463,260,0.358,0.496,0.514,10.5,6.3,1.5,1.2,0.5,1.4,16.7,12,18.2,7.2,110.4,106
,Lucas Williamson,Mem,*,G,20,7,32,16.5,11.7,8,1,22,0.455,53,0.283,0.433,0.465,10.4,5.4,2.6,1.6,0.1,1.4,15.9,13,18.4,6.6,100.5,110.2
,Adama Bal,Mem,*,G,22.3,8,30.2,13.5,8.1,10,0.9,24,0.417,44,0.409,0.544,0.573,10.4,3.1,2.4,1.1,0.1,0.8,13.5,12.8,15.9,5.6,119.8,112.7
,Jared McCain,Okc,*,G,22.1,30,18,23.2,9.4,34,0.853,111,0.55,138,0.391,0.57,0.593,10.4,2.1,0.9,0.4,0.1,0.9,12.5,11.4,13.4,6,113,107.3
,Caleb Love,Por,*,G,24.5,49,20.7,23.1,11.4,49,0.735,198,0.49,292,0.318,0.483,0.497,10.4,2.3,2.5,0.6,0.1,1.3,12.7,12.9,15.2,7.6,105.5,115.6
,A.J. Green,Mil,*,G,26.5,78,29.1,14,10.8,62,0.855,64,0.469,554,0.419,0.612,0.627,10.4,2.7,1.9,0.5,0.1,1,13.1,12.3,15.1,5.2,118.7,117.7
,DaQuan Jeffries,Sac,*,G-F,28.6,3,20,15,0,5,1,10,0.7,9,0.444,0.684,0.731,10.3,1.7,0.3,0.7,0,0,12,10.7,12.3,3.5,154.8,111.7
,Will Riley,Was,*,F,20.2,74,22.1,20.2,13.2,180,0.8,371,0.52,247,0.316,0.502,0.548,10.3,2.9,2,0.7,0.1,1.3,13.2,12.3,15.2,7.1,109.2,123
,Khris Middleton,Was,,F,34.7,34,24.3,19.6,15.9,69,0.841,201,0.483,99,0.333,0.488,0.531,10.3,3.9,3.3,0.8,0.3,1.7,14.3,13.6,17.5,8.4,107.5,116.7
,Egor Demin,Bro,*,G,20.1,52,25.2,18.8,16.1,65,0.831,127,0.433,322,0.385,0.537,0.561,10.3,3.2,3.3,0.8,0.3,1.7,13.5,13.6,16.8,7.6,108,116
,D'Angelo Russell,Dal,*,G,30.1,26,19,26,17.4,60,0.717,120,0.508,112,0.295,0.476,0.511,10.2,2.3,4,0.5,0.1,1.9,12.5,14.2,16.5,9.6,102,114.9
,Jalen Smith,Chi,*,F-C,26.1,53,20.7,19,11.6,93,0.742,184,0.614,220,0.373,0.584,0.608,10.2,6.7,1.2,0.5,0.8,1,16.9,11.4,18.1,8.4,120.8,109
,Neemias Queta,Bos,*,C,26.8,76,25.3,14.7,13.1,175,0.703,491,0.662,8,0.125,0.654,0.674,10.2,8.4,1.7,0.8,1.3,1,18.6,11.9,20.2,8.3,140,101.3
,Ziaire Williams,Bro,*,F,24.6,56,22.9,18.9,12,140,0.85,182,0.538,251,0.343,0.524,0.579,10.2,2.4,1.1,1.4,0.4,1.1,12.6,11.3,13.7,5.2,111.1,113
,Precious Achiuwa,Sac,*,F,26.6,73,23.9,17.6,9.8,139,0.554,501,0.577,97,0.278,0.551,0.558,10.1,6.7,1.4,0.9,0.7,0.9,16.8,11.5,18.2,7.6,118.1,115.9
,Derrick Jones Jr.,Lac,*,F,29.2,50,27,15.1,9.5,93,0.763,226,0.593,153,0.359,0.571,0.6,10.1,3.5,1.4,0.9,1,0.8,13.5,11.5,14.9,5.4,122.8,113.2
,Marvin Bagley III,Was,,F,27.1,38,19.2,19,15.2,97,0.711,227,0.643,19,0.421,0.642,0.667,10.1,5.7,1.5,0.5,0.7,1.2,15.8,11.6,17.3,9.2,131.5,115.2
,Toby Okani,Mem,*,F,24.5,6,36.2,14.7,4.1,8,0.125,39,0.41,31,0.29,0.421,0.408,10,3.5,1,0.7,0.5,0.5,13.5,11,14.5,3.6,91.1,116.6
,Khris Middleton,Dal,*,F,34.7,29,21.1,21.9,17.5,67,0.91,153,0.412,87,0.391,0.475,0.536,10,3.3,2.2,0.5,0,1.8,13.3,12.2,15.6,7.9,102.8,110.8
,Guerschon Yabusele,Chi,*,F,30.3,26,24.7,16.7,11.2,60,0.767,77,0.442,128,0.383,0.524,0.564,10,5.7,1.7,0.8,0.4,1,15.7,11.8,17.4,7.4,115.1,113.5
,Jordan Miller,Lac,*,G,26.2,60,22.1,18,13.6,175,0.777,289,0.602,110,0.345,0.579,0.628,10,3,2.3,0.8,0.2,1.1,13,12.2,15.3,7.4,125.8,116
,Harrison Barnes,San,*,F,33.9,77,25.8,14.7,9.6,123,0.829,218,0.569,358,0.388,0.577,0.609,10,2.8,1.9,0.6,0.2,0.8,12.7,11.9,14.7,5.8,124.2,112.7
,Olivier-Maxence Prosper,Mem,*,F,23.8,53,18.6,18.9,11.8,114,0.754,202,0.653,148,0.405,0.634,0.662,10,3.5,1,0.8,0.2,0.9,13.5,11,14.5,7,125.4,113.8
,Isaiah Stewart,Det,*,F-C,24.9,58,22.7,16.6,14.1,131,0.756,282,0.642,120,0.333,0.6,0.632,10,5,1.1,0.3,1.6,1.1,15,11.2,16.2,6.7,123.5,102.3
,Ausar Thompson,Det,*,G-F,23.2,73,26,16.9,16,191,0.571,553,0.537,24,0.25,0.53,0.545,9.9,5.7,3.1,2,0.9,1.5,15.6,13,18.7,8.6,115.1,101.4
,Tristan da Silva,Orl,*,F,24.9,77,24.7,16.2,10,95,0.884,299,0.532,321,0.374,0.547,0.576,9.9,3.7,1.6,0.9,0.3,0.9,13.6,11.5,15.2,6.3,114.8,111.6
,Royce O'Neale,Pho,*,F,32.9,78,28.4,14.3,14.2,38,0.711,105,0.486,519,0.408,0.591,0.597,9.8,4.8,2.7,1.1,0.4,1.3,14.6,12.5,17.2,7.1,117.8,109.5
,Walter Clayton Jr.,Mem,*,G,23.1,24,25,20.1,22.3,59,0.864,104,0.423,101,0.307,0.441,0.502,9.7,2.1,5.7,0.8,0.3,2.5,11.8,15.3,17.5,7.8,103,117.9
,Nikola Vucevic,Bos,*,C,35.5,16,21.1,21,10.3,19,0.789,86,0.5,53,0.34,0.504,0.526,9.7,6.6,2,0.4,0.6,1,16.3,11.7,18.3,9.6,115.1,103.8
,Micah Potter,Ind,*,C,28,47,19.3,18,13.8,101,0.842,125,0.64,168,0.423,0.637,0.679,9.7,5,1.5,0.5,0.3,1,14.7,11.2,16.2,8.7,128.4,111.9
,Zach Collins,Chi,*,F-C,28.4,10,18.4,18.8,13.5,20,0.7,43,0.651,21,0.429,0.648,0.666,9.7,5.6,1.5,0.2,0.4,1,15.3,11.2,16.8,9.4,128.3,110.6
,Javon Small,Mem,*,G,23.3,41,20.2,19,16.3,82,0.829,146,0.507,142,0.423,0.569,0.611,9.7,3.1,3.7,0.8,0.2,1.4,12.8,13.3,16.5,9.5,122.6,115
,Rob Dillingham,Chi,*,G,21.3,30,21.5,22.7,19.1,35,0.743,171,0.503,100,0.3,0.483,0.503,9.6,3,2.8,0.9,0.1,2.1,12.6,12.4,15.4,8,93.8,109
,Zaccharie Risacher,Atl,*,F,21,67,22.4,17.6,9.8,90,0.644,278,0.536,258,0.368,0.544,0.557,9.6,3.8,1.1,0.9,0.5,0.9,13.4,10.7,14.5,6.1,110.5,108.2
,Daniel Gafford,Dal,*,F-C,27.5,55,21.7,15.8,16.6,161,0.683,316,0.655,0,0,0.655,0.677,9.5,6.9,1.1,0.7,1.3,1.1,16.4,10.6,17.5,7.7,131.4,105.3
,Jay Huff,Ind,*,C,28.6,82,21,18,11.1,99,0.828,238,0.723,373,0.319,0.574,0.598,9.5,4,1.5,0.5,1.9,0.9,13.5,11,15,7.3,115.3,110.5
,Kobe Brown,Ind,*,F,26.3,27,24.7,15.2,16.9,33,0.788,97,0.567,90,0.433,0.607,0.628,9.4,4.9,2,0.5,0.4,1.4,14.3,11.3,16.2,7.3,119.1,115.3
,Nick Richards,Chi,*,C,28.4,20,22.4,18.3,20.7,73,0.63,112,0.563,18,0.278,0.542,0.577,9.4,7.6,0.4,0.3,1,1.7,17,9.8,17.4,5.5,106.4,108.3
,T.J. McConnell,Ind,*,G,34,56,17.2,23.2,12.4,29,0.862,400,0.565,50,0.32,0.556,0.567,9.4,2.2,5.1,1,0.2,1.1,11.6,14.5,16.7,11,120.4,115.3
,Svi Mykhailiuk,Uta,*,G-F,28.8,50,23.1,14.8,10.4,28,0.893,122,0.615,240,0.408,0.613,0.626,9.4,2.5,1.9,0.5,0.1,0.8,11.9,11.2,13.7,6.1,121.4,122.9
,Aaron Wiggins,Okc,*,G,27.3,65,21.8,19.8,13.1,72,0.736,266,0.508,270,0.356,0.521,0.538,9.4,3.1,1.7,0.9,0.4,1.2,12.5,11.1,14.1,6.7,104.2,106.6
,Kyle Anderson,Mem,,F-G,32.6,4,22.3,13.7,26.6,8,0.75,18,0.778,1,1,0.816,0.821,9.3,3.5,0.8,1.5,1,1.8,12.8,10,13.5,5.3,121.3,107.1
,Daniss Jenkins,Det,*,G,24.7,72,20.2,21.5,16.8,161,0.832,373,0.426,195,0.374,0.473,0.525,9.3,2.3,3.9,0.9,0.2,1.6,11.6,13.2,15.5,8.7,111.4,108.9
,Isaac Okoro,Chi,*,F-G,25.2,63,26.9,13.6,9.1,112,0.795,238,0.58,220,0.332,0.54,0.576,9.3,2.7,1.6,0.7,0.5,0.7,12,10.9,13.6,5.1,118.9,114.3
,Davion Mitchell,Mia,*,G,27.6,70,28.6,13.7,16.8,66,0.636,305,0.561,228,0.395,0.574,0.582,9.3,2.7,6.5,1,0.2,1.5,12,15.8,18.5,7.6,122,110.5
,Landry Shamet,Nyk,*,G,29.1,51,23,15.6,7.6,76,0.711,101,0.554,263,0.392,0.578,0.598,9.3,1.8,1.4,0.6,0.2,0.6,11.1,10.7,12.5,5,123.3,112.7
,Marcus Smart,Lal,*,G,32.1,62,28.5,15.4,16.2,129,0.822,183,0.497,293,0.331,0.497,0.543,9.3,2.8,3,1.4,0.4,1.5,12.1,12.3,15.1,6,109.4,110.3
,Corey Kispert,Atl,*,F,27.1,39,18.2,19.6,10.1,63,0.81,114,0.596,161,0.354,0.558,0.591,9.2,2.3,1.5,0.2,0.2,0.8,11.4,10.7,13,7,116.7,115.2
,Taurean Prince,Mil,*,F,32.1,26,23.5,16.2,13.9,6,1,51,0.49,140,0.436,0.61,0.617,9.2,3.1,1.8,0.6,0.2,1.2,12.3,11,14.1,6.3,110.6,115.7
,Corey Kispert,Was,,F,27.1,19,19.5,16.7,10.5,34,0.765,43,0.674,76,0.395,0.622,0.649,9.2,2.3,1.7,0.4,0.2,0.7,11.5,10.8,13.2,6.8,126.5,123.6
,Cam Whitmore,Was,*,F,21.8,21,16.9,23.7,9.6,31,0.742,113,0.54,56,0.286,0.503,0.528,9.2,2.8,0.7,0.7,0.4,0.9,12,9.9,12.7,6.2,104.6,120.3
,Sam Hauser,Bos,*,F,28.3,78,24.8,14.5,5.5,20,0.85,97,0.557,504,0.393,0.584,0.59,9.2,3.8,1.5,0.5,0.3,0.4,13.1,10.7,14.5,6,126.6,111.5
,Gui Santos,Gol,*,F,23.8,68,20.5,18.7,18.1,120,0.725,238,0.639,222,0.351,0.585,0.609,9.2,3.9,2.3,0.9,0.3,1.5,13.1,11.5,15.4,8.5,115.4,108.2
,Isaiah Hartenstein,Okc,*,C-F,27.9,47,24.2,16.1,21.7,105,0.61,289,0.637,7,0,0.622,0.631,9.2,9.4,3.5,1,0.8,1.7,18.6,12.7,22.1,11.1,130.2,96.6
,Jock Landale,Atl,*,C,30.5,23,19.4,17.7,8.1,37,0.541,95,0.6,64,0.391,0.594,0.596,9.1,4.1,1.7,0.4,0.6,0.6,13.2,10.8,15,8.2,126.9,108.2
,Quenton Jackson,Ind,*,G,27.6,49,18.3,20.9,15.9,119,0.824,210,0.533,118,0.356,0.534,0.589,9.1,2.3,2.9,0.6,0.1,1.3,11.5,12,14.3,8.6,115.8,114
,Luke Kennard,Lal,*,G,29.8,32,23,14.6,12.1,34,0.912,107,0.598,96,0.448,0.633,0.661,9,2.6,2.4,0.7,0.1,0.9,11.6,11.4,14,6.7,129,113.7
,Vit Krejci,Atl,,G,25.8,46,22.3,14.4,8.8,36,0.75,70,0.6,239,0.423,0.626,0.637,9,2.1,1.5,0.8,0.3,0.7,11.1,10.5,12.6,5.5,122.5,109
,Tristan Vukcevic,Was,*,F,23.1,49,13.7,26.6,16.3,111,0.784,173,0.59,144,0.347,0.558,0.603,9,3,1.1,0.5,0.7,1.3,12,10.1,13.1,9,111,112.8
,Danny Wolf,Bro,*,F,21.9,57,20.8,20.6,14.2,109,0.771,229,0.48,211,0.322,0.482,0.521,8.9,4.9,2.2,0.5,0.6,1.3,13.8,11.1,16.1,8.8,105.9,110.1
,Devin Carter,Sac,*,G,24.1,38,18.4,23.5,15.6,94,0.713,178,0.511,114,0.263,0.466,0.508,8.9,3.3,2.7,0.9,0.2,1.4,12.2,11.6,14.9,9.3,105,116.8
,Herbert Jones,Nor,*,F,27.5,56,28.4,15.2,13.2,62,0.806,219,0.47,259,0.309,0.467,0.491,8.9,3.4,2.8,1.6,0.5,1.3,12.3,11.6,15,6.2,103.6,111.4
,Nolan Traore,Bro,*,G,19.9,56,22.2,22.8,21.2,94,0.787,287,0.422,192,0.318,0.444,0.479,8.9,1.8,3.8,0.8,0.4,2.3,10.7,12.7,14.5,7.1,93,114.2
,Payton Sandfort,Okc,*,F,23.8,4,15.8,19.6,3.7,4,0.5,9,0.667,17,0.412,0.635,0.63,8.8,2.5,0,0.3,0,0.3,11.3,8.8,11.3,0,118.6,99.6
,John Poulakidas,Dal,*,G,23,13,19.5,16.2,4.2,7,0.857,14,0.571,77,0.403,0.599,0.611,8.8,2.3,0.8,0.5,0.3,0.3,11.2,9.7,12,5.2,121.9,109.6
,Cody Williams,Uta,*,F,21.4,67,24.3,16,12.5,119,0.706,378,0.556,131,0.214,0.495,0.524,8.8,3,2,0.8,0.4,1.1,11.7,10.8,13.8,6.2,107.1,119.9
,Jordan Goodwin,Pho,*,G,27.5,70,22.5,17.5,10.8,56,0.696,253,0.462,302,0.371,0.514,0.525,8.7,4.9,2.1,1.5,0.2,1,13.6,10.8,15.7,8,116.8,107.8
,Jonas Valanciunas,Den,*,C,33.9,65,13.4,26,15.8,136,0.772,364,0.602,26,0.308,0.592,0.63,8.7,5.1,1.2,0.2,0.6,1.1,13.8,9.9,15,11.2,122.8,100.9
,Justin Champagnie,Was,*,G-F,24.8,69,20,16.7,8.9,102,0.784,296,0.605,166,0.319,0.56,0.589,8.7,5.6,1.2,0.9,0.6,0.7,14.2,9.9,15.4,7.8,126.3,116.7
,Day'Ron Sharpe,Bro,*,C,24.4,62,18.7,19.9,22.9,152,0.678,317,0.647,39,0.231,0.614,0.638,8.7,6.7,2.3,1.1,0.4,1.7,15.4,11,17.7,10.9,122.5,105.2
,Kevin Huerter,Det,*,G-F,27.6,25,20.5,18,10.7,15,0.933,90,0.611,102,0.294,0.521,0.539,8.6,2.8,2.5,1.1,0.3,0.9,11.4,11,13.9,7.6,113.7,108.7
,Nique Clifford,Sac,*,G,24.2,75,25.1,17,16.3,97,0.722,365,0.471,231,0.333,0.482,0.505,8.6,3.8,2.4,0.9,0.3,1.5,12.4,11,14.7,6.8,100.3,116.6
,Jordan Clarkson,Nyk,*,G,33.8,72,17.8,21.1,10.7,94,0.83,312,0.535,214,0.327,0.517,0.548,8.6,1.8,1.3,0.4,0.1,0.9,10.4,10,11.7,6.1,113.2,109.6
,Cason Wallace,Okc,*,G,22.4,77,26.6,14.5,11.1,68,0.809,296,0.51,288,0.351,0.518,0.538,8.6,3.1,2.6,2,0.4,0.9,11.7,11.2,14.3,6.2,113.2,103.9
,Collin Murray-Boyles,Tor,*,F,20.8,57,21.9,15.5,14.7,108,0.657,292,0.62,50,0.34,0.604,0.621,8.5,5,1.9,0.9,0.9,1,13.5,10.4,15.4,7.9,127.3,104.4
,Bones Hyland,Min,*,G,25.6,71,16.6,20.6,13,82,0.78,169,0.568,299,0.388,0.577,0.599,8.5,1.8,2.6,0.6,0.2,1,10.3,11.2,12.9,8.2,120.3,108.3
,Brook Lopez,Lac,*,C,38,75,21.8,17.2,10.1,74,0.757,225,0.524,317,0.36,0.533,0.552,8.5,3.6,1.3,0.6,1.2,0.8,12.1,9.7,13.4,6.3,110.8,109.7
,Simone Fontecchio,Mia,*,F,30.3,70,16.8,19.6,9.4,102,0.843,143,0.497,328,0.375,0.542,0.579,8.5,3,1.4,0.5,0.1,0.7,11.5,10,13,7.8,118.3,109.2
,Kentavious Caldwell-Pope,Mem,*,G,33.1,51,21.3,17.7,14.3,80,0.913,192,0.495,174,0.316,0.485,0.533,8.4,2.5,2.7,0.8,0.2,1.2,10.8,11.1,13.6,7.2,108.5,118.4
,Draymond Green,Gol,*,F,36.1,68,27.5,16.1,26.9,84,0.702,181,0.575,310,0.326,0.52,0.54,8.4,5.5,5.5,0.9,0.6,2.7,13.9,13.9,19.4,9.2,104.9,107.3
,Josh Oduro,Nor,*,C,25.5,3,27.3,11,10.4,6,0.5,15,0.733,2,0,0.647,0.636,8.3,7.7,1.3,0,0,0.7,16,9.7,17.3,6.4,139.8,106
,Malachi Smith,Bro,*,G,26.4,15,23.9,14.2,12.3,8,1,53,0.528,46,0.435,0.586,0.605,8.3,3.4,3.3,0.8,0.3,0.9,11.7,11.5,14.9,7.6,124.4,119.9
,Kadary Richmond,Was,*,G,24.6,3,22.3,12.1,10.8,3,1,12,0.667,4,0.5,0.688,0.722,8.3,3.3,2.7,2.7,0.3,0.7,11.7,11,14.3,7.5,142.2,120
,Keon Ellis,Cle,*,G,26.3,29,24.8,12.4,10.2,38,0.816,68,0.706,107,0.355,0.6,0.629,8.3,2.8,1.6,1.3,0.8,0.7,11.1,9.9,12.7,5.4,127.3,110.2
,Al Horford,Gol,*,C-F,39.9,45,21.5,16.6,11.4,26,0.846,120,0.533,205,0.361,0.538,0.553,8.3,4.9,2.6,0.7,1.1,0.9,13.1,10.8,15.7,8.8,116.3,112.9
,Luguentz Dort,Okc,*,G,27,69,26.8,14.1,9.3,58,0.759,152,0.487,372,0.344,0.508,0.524,8.3,3.6,1.2,0.9,0.4,0.8,11.9,9.6,13.1,4.9,107.2,103.2
,Chaney Johnson,Bro,*,G-F,23.8,17,20.4,16.2,17.5,35,0.8,64,0.656,30,0.3,0.59,0.635,8.2,4.6,2.1,0.9,0.5,1.2,12.8,10.3,14.9,8.4,126.6,106
,Dennis Schroder,Cle,*,G,32.6,30,21.4,18.6,17.8,72,0.861,145,0.448,62,0.29,0.444,0.515,8.2,2.2,4.3,0.8,0.2,1.5,10.4,12.5,14.8,8,111.4,113.5
,LJ Cryer,Gol,*,G,24.5,18,16.2,20.3,10.7,19,0.895,23,0.435,94,0.394,0.56,0.59,8.2,1.6,1,0.2,0,0.8,9.8,9.2,10.8,5.8,112,112.5
,Jaden Ivey,Det,,G,24.2,33,16.8,20.4,13.7,38,0.789,107,0.533,113,0.372,0.545,0.57,8.2,2.2,1.6,0.5,0.4,1.1,10.4,9.8,11.9,7.3,112.3,108.6
,Bradley Beal,Lac,*,G,32.8,6,20.2,22.2,15.7,8,0.75,29,0.379,19,0.368,0.448,0.476,8.2,0.8,1.7,0.5,0,1.5,9,9.8,10.7,4.4,92.2,111.3
,Ronald Holland II,Det,*,F,20.8,78,19.9,18.9,15,149,0.805,345,0.536,199,0.251,0.478,0.525,8.2,4,1.2,1.2,0.3,1.2,12.2,9.4,13.5,6.8,106,100.6
,Jake LaRavia,Lal,*,F,24.4,82,25.1,14.4,14.3,152,0.763,280,0.579,243,0.321,0.533,0.571,8.2,4,1.8,1.3,0.5,1.1,12.2,10,14,6.2,117.9,109.1
,Bez Mbeng,Uta,*,G,22.9,15,32.8,11.1,18,25,0.64,69,0.638,31,0.194,0.53,0.55,8.1,3.8,4.1,2.3,0.3,1.5,11.9,12.3,16.1,6.1,114.5,116
,Bryce McGowens,Nor,*,G,23.4,42,21,14,6.7,95,0.779,144,0.528,93,0.409,0.561,0.61,8.1,2.1,1.5,0.6,0.2,0.4,10.2,9.6,11.7,5.6,128.2,114
,Gary Trent Jr.,Mil,*,G,27.2,65,21.2,17.2,8,52,0.769,131,0.458,342,0.36,0.517,0.533,8.1,1,1.2,0.5,0,0.6,9.2,9.4,10.4,4,105.1,120.5
,Sharife Cooper,Was,*,G,24.8,41,17.1,20,19.8,60,0.833,171,0.573,76,0.382,0.573,0.609,8.1,2.1,3,0.4,0.1,1.5,10.2,11.1,13.2,8.7,115,120
,Luka Garza,Bos,*,C,27.3,69,16.2,17.6,11.4,117,0.769,230,0.657,127,0.433,0.654,0.682,8.1,4.1,1,0.4,0.4,0.7,12.1,9,13.1,7.9,142.1,101.4
,Mouhamadou Gueye,Chi,*,F,27.8,2,22.8,14.4,20.9,4,0.75,6,0.833,5,0.2,0.591,0.627,8,3,3,1,0.5,1.5,11,11,14,7.3,119.3,113.4
,Trevon Scott,Bro,*,F,29.4,6,30.4,13.6,7.4,6,0.667,31,0.419,19,0.316,0.44,0.456,8,5.2,1.7,1.3,0.8,0.7,13.2,9.7,14.8,5.4,103.7,115.7
,DeJon Jarreau,Mem,*,G,28.2,11,21,21.5,23.8,23,0.783,53,0.547,30,0.133,0.422,0.473,8,4.6,3.3,0.9,0.7,2.4,12.6,11.3,15.9,9.4,93.5,108.2
,David Roddy,Den,*,F,25,5,14.6,20.9,6.2,7,1,19,0.632,11,0.273,0.55,0.605,8,4,0.8,0.8,0.2,0.4,12,8.8,12.8,8.1,131.7,107.7
,Nate Williams,Gol,*,G,27.2,14,17.1,19.5,14.5,15,0.867,58,0.517,30,0.433,0.563,0.592,8,2.1,1,0.4,0,1.1,10.1,9,11.1,6,114.1,111.8
,Vince Williams Jr.,Mem,,G,25.6,34,21.6,19.6,19.2,46,0.804,105,0.419,159,0.308,0.445,0.478,8,4,4.4,0.8,0.4,1.9,12,12.4,16.4,9.6,103.1,112.4
,Buddy Hield,Gol,,G,33.3,44,17.5,19.7,12.3,34,0.794,105,0.6,195,0.344,0.545,0.562,8,2.5,1.5,0.8,0.2,1,10.5,9.5,12,7.1,109.4,112.1
,Tyson Etienne,Bro,*,G,20,24,15.8,20.3,9.9,36,0.833,37,0.405,108,0.398,0.548,0.588,7.9,1.1,1.7,0.5,0,0.7,9,9.5,10.7,6.2,117.6,111.8
,Jose Alvarado,Nor,,G,28,41,21.9,15.7,14.4,24,0.833,87,0.54,193,0.363,0.543,0.558,7.9,2.8,3.1,0.9,0.1,1.1,10.7,11,13.8,7.5,113.4,113.9
,Bruce Brown,Den,*,G-F,29.7,82,24.4,14.5,14.8,126,0.762,374,0.511,148,0.385,0.53,0.562,7.9,3.9,2.1,1,0.2,1.1,11.8,10,13.9,6.6,114.5,109.7
,Luke Kennard,Atl,,G,29.8,46,20.5,12.7,11.7,35,0.914,91,0.604,149,0.497,0.692,0.713,7.9,2.2,2.1,0.7,0.1,0.7,10.1,10,12.2,6.5,135.3,114.2
,Moussa Diabate,Cha,*,F,24.2,73,26,11.4,16.7,176,0.659,361,0.632,2,0.5,0.632,0.653,7.9,8.7,1.9,0.8,1,1,16.6,9.8,18.5,7.8,140.8,106
,Oscar Tshiebwe,Uta,*,F-C,26.4,27,16.6,17.2,12.6,49,0.551,145,0.634,0,0,0.634,0.633,7.8,6.6,1.2,0.6,0.2,0.8,14.4,9,15.6,9.5,132.1,114.1
,Paul Reed,Det,*,F,26.8,65,13.9,20.6,14.6,110,0.664,299,0.656,40,0.325,0.636,0.65,7.8,4.5,1.2,0.9,0.9,0.9,12.3,9,13.5,10,129.6,97.5
,Dominick Barlow,Phi,*,F,22.9,71,23.8,12.8,12.3,131,0.718,318,0.61,82,0.256,0.564,0.595,7.7,4.8,1.2,0.9,0.7,0.8,12.5,8.9,13.7,5.9,125.1,110.4
,Quinten Post,Gol,*,C,26.1,67,17.3,18.8,11.3,43,0.791,162,0.617,277,0.336,0.546,0.56,7.7,4,1.4,0.4,0.5,0.8,11.7,9.1,13.1,8.1,112.8,107.5
,Ryan Kalkbrenner,Cha,*,C,24.2,69,21.4,11.6,17.5,116,0.716,286,0.766,5,0,0.753,0.762,7.6,5.5,0.8,0.5,1.5,0.9,13,8.3,13.8,6,143.5,110.1
,Isaiah Jackson,Lac,*,F,24.3,17,15.9,16.5,17.2,31,0.548,70,0.786,2,0,0.764,0.741,7.5,4.6,1.2,0.6,1.2,0.9,12.1,8.7,13.4,8.7,139.2,101.7
,De'Andre Hunter,Sac,*,F-G,28.4,2,25.5,21.4,17.1,6,0.833,10,0.2,9,0.222,0.263,0.347,7.5,1.5,0.5,0,0,2,9,8,9.5,2.8,68.6,119.3
,Ja'Kobe Walter,Tor,*,G,21.6,72,20.5,14,8.4,90,0.789,135,0.519,269,0.409,0.582,0.61,7.5,2.6,1.2,1,0.2,0.5,10.1,8.7,11.3,5.6,124.1,106.1
,Ben Saraf,Bro,*,G,20,44,20.8,21,24.6,88,0.83,213,0.474,90,0.211,0.427,0.486,7.5,2.1,3.3,0.9,0.2,2.3,9.6,10.8,12.9,7.2,92.9,114.4
,Jaxson Hayes,Lal,*,C-F,25.9,66,18.3,13,10.6,150,0.653,259,0.753,3,1,0.761,0.758,7.5,4.1,0.9,0.4,0.8,0.5,11.6,8.4,12.5,6.6,152.4,108.3
,Gary Payton II,Gol,*,G,33.4,73,15.6,18.4,13,40,0.65,288,0.712,127,0.291,0.628,0.632,7.5,3.6,1.7,0.9,0.3,0.8,11.1,9.2,12.8,9.2,124.9,105.6
,Cameron Payne,Phi,*,G,31.7,22,17,19.1,6.9,22,0.864,52,0.462,97,0.33,0.483,0.514,7.4,2,2.6,1.1,0.3,0.5,9.4,10,12,7.9,115.6,110.4
,Jamir Watkins,Was,*,F,24.8,50,20.6,15.1,11.9,82,0.695,138,0.616,158,0.297,0.525,0.554,7.4,3.9,1.3,1.1,0.5,0.8,11.2,8.7,12.6,6.5,113.4,112.7
,Bogdan Bogdanovic,Lac,*,G,33.7,23,19.7,18.6,15.1,25,0.8,57,0.456,95,0.347,0.497,0.525,7.4,2.6,2.2,0.4,0.1,1.2,10,9.7,12.2,7.1,104.6,109.9
,Caris LeVert,Det,*,G,31.6,60,19.2,18.4,17.3,84,0.679,211,0.488,180,0.333,0.494,0.518,7.4,2,2.7,0.9,0.7,1.4,9.3,10,12,7.1,104.7,108.1
,Jalen Slawson,Ind,*,F,26.5,13,23.9,13.9,18,17,0.706,37,0.514,40,0.375,0.539,0.562,7.3,4.4,2.8,1.5,1.1,1.3,11.7,10.1,14.5,7.5,108.8,110.8
,Kobe Sanders,Lac,*,G,23.9,68,19.9,16.2,17.4,69,0.826,188,0.527,196,0.408,0.57,0.597,7.3,2.3,1.6,0.7,0.1,1.2,9.5,8.9,11.1,6,110.5,109.3
,Kris Dunn,Lac,*,G,32.1,82,27.2,12.4,18.9,81,0.765,263,0.559,214,0.374,0.56,0.581,7.3,3.3,3.6,1.6,0.2,1.4,10.6,10.9,14.2,6.5,117.3,110.5
,Nikola Jovic,Mia,*,F,22.8,47,17.2,21.4,17.1,101,0.683,147,0.476,167,0.269,0.438,0.48,7.3,3.3,2.2,0.6,0.4,1.4,10.6,9.5,12.8,8.7,97.1,109.2
,Tyrese Martin,Bro,,F,27.1,37,18.8,18.8,11.4,26,0.731,103,0.476,152,0.336,0.492,0.507,7.3,2.9,1.9,0.6,0.1,0.9,10.2,9.2,12,7.3,105.3,119.3
,Jevon Carter,Orl,*,G,30.6,30,20.4,16,10.9,9,0.556,67,0.537,137,0.336,0.515,0.517,7.2,2.1,2.3,0.9,0.3,0.8,9.3,9.4,11.5,6.4,106.1,112
,Vit Krejci,Por,*,G,25.8,19,19.2,15.5,8.3,15,0.733,32,0.688,89,0.303,0.517,0.533,7.2,2.7,1.7,0.5,0.3,0.6,9.8,8.8,11.5,6.7,117.5,111.2
,Julian Strawther,Den,*,G,24,57,15.1,19.5,10.1,70,0.814,169,0.538,150,0.387,0.558,0.59,7.2,2,1.1,0.4,0.1,0.6,9.2,8.3,10.3,6.7,114.3,111.8
,Pat Spencer,Gol,*,G,29.8,66,18.6,18.9,16.3,57,0.772,268,0.47,168,0.357,0.495,0.516,7.2,2.4,3.5,0.7,0.1,1.3,9.6,10.7,13.1,8.4,110.4,114.7
,Terance Mann,Bro,*,G-F,29.5,63,24.3,13.5,16.2,80,0.788,214,0.523,153,0.366,0.534,0.566,7.2,3.2,3,0.7,0.2,1.1,10.4,10.2,13.4,6.8,117.3,113.6
,Jaylin Williams,Okc,*,F,23.8,65,19.7,15.5,16,92,0.793,96,0.531,256,0.383,0.563,0.597,7.2,5.5,2.4,0.5,0.6,1,12.7,9.6,15.2,9.3,118.3,98.1
,Leaky Black,Was,*,F,26.8,15,28.9,11.6,11.9,8,0.875,48,0.438,55,0.345,0.481,0.498,7.1,5,1.5,1.2,0.5,0.9,12.1,8.5,13.5,5.2,103.3,117
,Seth Curry,Gol,*,G,35.6,10,13.3,18,3.9,12,0.917,24,0.5,25,0.48,0.612,0.654,7.1,1.2,1,0.3,0,0.2,8.3,8.1,9.3,6.1,136.5,117.3
,Kyle Anderson,Uta,,F-G,32.6,20,20.1,14.6,13.5,38,0.658,104,0.519,5,0.6,0.537,0.565,7.1,3.3,3.1,1.2,0.5,0.9,10.4,10.2,13.5,8.3,121.5,113.1
,Ben Sheppard,Ind,*,G,24.7,65,21.4,13.8,9.6,51,0.765,155,0.542,232,0.362,0.543,0.561,7.1,3,1.8,0.6,0.1,0.6,10.1,8.8,11.8,6.3,114.6,115.1
,Lawson Lovering,Mem,*,C,22.9,2,24.7,12,16.4,5,0.4,10,0.6,0,0,0.6,0.574,7,7.5,1.5,1.5,0.5,1,14.5,8.5,16,6.9,122.4,104.7
,Grant Williams,Cha,*,F,27.4,36,19.8,14.1,14.5,54,0.815,49,0.531,134,0.388,0.568,0.609,7,3.9,1.6,0.5,0.5,0.9,10.9,8.6,12.5,7.1,126.9,109.6
,Ethan Thompson,Ind,*,G,26.9,32,20.4,15.7,11.3,47,0.787,80,0.45,116,0.328,0.474,0.515,7,2.2,1.8,0.6,0.3,0.8,9.1,8.8,10.9,5.9,106.3,113.2
,Patrick Williams,Chi,*,F,24.6,72,20.5,16.6,13.6,75,0.72,204,0.407,274,0.347,0.472,0.494,7,3,1.5,0.7,0.4,1,10,8.5,11.5,6.2,98.7,116
,Moritz Wagner,Orl,*,F-C,29,36,11.9,24.3,8.9,72,0.819,125,0.488,70,0.314,0.482,0.545,6.9,3.2,0.8,0.4,0.1,0.5,10.1,7.6,10.8,8.8,113.7,101.6
,Jaden Hardy,Dal,,G,23.8,34,12.6,23.3,12.2,40,0.775,70,0.457,124,0.371,0.521,0.551,6.9,1.4,0.9,0.3,0.1,0.8,8.2,7.7,9.1,6.5,104.7,112.6
,Javonte Green,Det,*,G,32.7,82,17.6,14.8,9.8,125,0.84,167,0.545,247,0.381,0.56,0.607,6.9,2.8,0.7,1.3,0.3,0.5,9.7,7.6,10.4,5.4,124.4,106
,MarJon Beauchamp,Phi,*,F,25.5,14,14,21,14.6,19,0.684,29,0.586,47,0.34,0.539,0.563,6.8,2.3,1.1,0.6,0.3,0.9,9.1,7.9,10.1,7.4,108.1,112.3
,Elijah Harkless,Uta,*,G,26.2,26,21,16.2,13.9,64,0.766,73,0.452,88,0.239,0.401,0.471,6.8,2,2.9,1.2,0.2,1,8.9,9.7,11.8,6.5,104.1,116.4
,Walter Clayton Jr.,Uta,,G,23.1,45,18,17.2,18.2,62,0.935,113,0.513,143,0.308,0.484,0.54,6.8,2,3.2,0.5,0.3,1.3,8.8,10,11.9,7.8,109.9,117.5
,Ochai Agbaji,Bro,*,G,26,20,16.2,17.3,9.8,14,0.786,47,0.596,63,0.349,0.555,0.572,6.7,2.3,0.9,0.4,0.3,0.6,9,7.5,9.8,5.9,112.2,118.6
,Kevin Love,Uta,*,F-C,37.6,37,16.6,16.7,13.1,44,0.841,57,0.456,142,0.373,0.53,0.568,6.7,5.8,1.8,0.4,0.2,0.8,12.5,8.5,14.3,9.9,120.9,113.6
,Robert Williams III,Por,*,C-F,28.5,59,17.1,13.1,16.4,57,0.596,227,0.74,23,0.391,0.726,0.722,6.7,7,1,0.6,1.5,0.8,13.8,7.7,14.8,8.4,138.1,106.3
,Cole Anthony,Mil,*,G,25.9,35,15,25.8,21.9,26,0.615,159,0.478,72,0.306,0.472,0.483,6.7,2.5,3.5,0.6,0.3,1.9,9.2,10.1,12.6,10.4,96.5,107.5
,Jose Alvarado,Nyk,*,G,28,28,16.9,18.9,15.1,22,0.682,75,0.52,94,0.33,0.506,0.52,6.6,2,3.8,1,0.1,1.1,8.7,10.4,12.5,8.7,115.7,104.8
,Jared McCain,Phi,,G,22.1,37,16.8,18.5,11.5,25,0.88,112,0.393,119,0.378,0.483,0.506,6.6,2,1.7,0.6,0.1,0.8,8.6,8.3,10.3,6.7,103.6,113.1
,Ryan Nembhard,Dal,*,G,23.1,60,19.5,17.5,17.9,31,0.806,255,0.447,135,0.356,0.477,0.492,6.6,2.2,5.3,0.4,0,1.4,8.9,11.9,14.1,8.7,107.4,113.8
,Jamal Shead,Tor,*,G,23.7,82,22.6,15.5,18.2,116,0.784,242,0.417,262,0.321,0.45,0.491,6.6,1.7,5.4,0.9,0.2,1.4,8.4,12.1,13.8,7,110.9,109.9
,Kenrich Williams,Okc,*,G-F,31.4,56,15.3,18.3,12.7,52,0.635,167,0.539,129,0.388,0.557,0.569,6.5,3.3,1.4,0.6,0.1,0.8,9.8,7.9,11.2,8.1,116.8,104.5
,Trendon Watford,Phi,*,G-F,25.4,53,16.3,17.9,19.3,77,0.779,218,0.587,50,0.2,0.534,0.573,6.5,3.3,2.5,0.3,0.4,1.2,9.8,9,12.3,9.3,113.7,106.4
,Oso Ighodaro,Pho,*,F,23.7,82,22.1,12.2,21.6,117,0.453,365,0.655,1,0,0.653,0.636,6.5,5.1,2.3,0.9,0.7,1.2,11.6,8.7,13.8,7.7,122.8,104.2
,Luke Kornet,San,*,C-F,30.7,68,21,10.3,9.3,114,0.825,273,0.641,0,0,0.641,0.687,6.5,6.1,1.9,0.5,1,0.4,12.6,8.4,14.5,8,157.5,105.9
,Drake Powell,Bro,*,G-F,20.6,63,20.9,14.9,14.3,77,0.896,176,0.528,182,0.28,0.473,0.521,6.5,1.8,1.4,0.6,0.2,1,8.2,7.9,9.7,4.9,102.2,118
,Isaiah Jackson,Ind,,F,24.3,38,16.8,16,20.6,74,0.689,164,0.585,1,0,0.582,0.615,6.4,5.6,0.8,0.7,0.8,1.1,11.9,7.2,12.8,7.3,120.1,102.2
,Andre Drummond,Phi,*,C,32.7,63,19.5,14.9,15.3,84,0.631,247,0.514,90,0.356,0.519,0.539,6.4,8.4,1.3,0.6,0.8,1,14.8,7.7,16.1,8.4,121.7,104.4
,Jalen Wilson,Bro,*,F,25.4,54,15.9,18.2,12,96,0.719,126,0.444,152,0.355,0.493,0.536,6.4,2.1,0.9,0.4,0,0.7,8.5,7.3,9.4,5.8,105.2,113.2
,Will Richard,Gol,*,G,23.3,69,20,13,13.3,54,0.852,134,0.679,211,0.336,0.572,0.598,6.4,2.5,1.3,1.2,0.1,0.8,8.9,7.7,10.2,5.5,119.3,110.1
,Mac McClung,Ind,,G,27.3,3,11.3,27.3,9.8,4,0.75,8,0.625,10,0.2,0.444,0.481,6.3,1.3,0.3,1.7,0.3,0.7,7.7,6.7,8,4.8,88.8,97.5
,Kasparas Jakucionis,Mia,*,G,19.9,53,17.8,13.7,17.3,66,0.879,82,0.439,156,0.423,0.567,0.614,6.2,2.6,2.6,0.6,0.1,0.9,8.8,8.8,11.4,7.8,124.6,108.2
,Jahmai Mashack,Mem,*,G,23.4,31,21.7,16,20.1,35,0.543,120,0.483,75,0.253,0.444,0.456,6.2,2.6,2.2,1.2,0.5,1.6,8.8,8.4,11,6.1,90.8,112.8
,Nick Smith Jr.,Lal,*,G,22,30,12.5,22,11.5,15,0.733,75,0.48,86,0.395,0.54,0.552,6.2,0.8,1,0.3,0.1,0.7,6.9,7.2,8,5.5,104.9,114
,Thomas Bryant,Cle,*,C-F,28.7,60,12.2,18.6,9.5,66,0.803,136,0.647,131,0.359,0.594,0.625,6.2,3.4,0.6,0.3,0.5,0.5,9.6,6.7,10.1,7.6,126.7,106.6
,Alex Caruso,Okc,*,G,32.1,56,18.2,15.7,13.8,51,0.804,119,0.622,181,0.293,0.512,0.54,6.2,2.8,2,1.3,0.3,0.9,9,8.2,10.9,7.2,110.6,103.7
,PJ Hall,Cha,*,C,24.1,12,15.6,17.3,23,26,0.808,48,0.479,2,1,0.52,0.594,6.1,5.5,0.7,0.3,0.7,1.3,11.6,6.8,12.3,7.3,118.7,105.7
,Hayden Gray,Uta,*,G,22.9,1,24.8,8.1,22.5,2,1,2,1,1,0,0.667,0.773,6,0,1,1,1,1,6,7,7,0,127.3,130
,Mac McClung,Chi,*,G,27.3,8,12.7,22.3,14.5,14,0.786,21,0.524,20,0.25,0.451,0.509,6,0.8,1.1,0.8,0.3,0.9,6.8,7.1,7.9,5.5,99.5,109.5
,KJ Simpson,Cha,,G,23.7,14,15.9,22.8,21.2,16,0.625,50,0.38,39,0.308,0.416,0.437,6,2.1,2.5,1.1,0,1.7,8.1,8.5,10.6,7.9,90.7,109.2
,Justin Edwards,Phi,*,F,22.3,64,15.3,16.1,10.1,39,0.846,140,0.543,180,0.372,0.552,0.572,6,1.5,1.3,0.8,0.2,0.6,7.5,7.3,8.8,5.9,116.4,110.8
,Gradey Dick,Tor,*,G-F,22.4,76,14,18.7,10.1,88,0.875,198,0.53,185,0.303,0.493,0.539,6,1.9,0.7,0.6,0.1,0.6,7.9,6.7,8.6,5.7,108.7,107.9
,Tidjane Salaun,Cha,*,F,20.7,37,15.6,14.9,14,40,0.65,76,0.579,83,0.434,0.616,0.629,6,4,0.7,0.4,0.2,0.7,10,6.7,10.8,6.6,120.6,105.3
,John Konchar,Uta,*,G,30.1,26,26.2,9.8,14.1,31,0.774,68,0.618,60,0.25,0.504,0.54,5.9,5.7,3,2,1,0.8,11.6,8.9,14.6,7.1,126.5,116
,Goga Bitadze,Orl,*,C-F,26.7,64,15.2,13.5,16,97,0.711,214,0.701,11,0.182,0.68,0.7,5.9,5,1.3,0.6,1,0.7,10.9,7.2,12.2,8.9,143.5,101.1
,Nae'Qwan Tomlin,Cle,*,F,25.3,64,15.7,15.5,8.4,61,0.77,199,0.618,115,0.235,0.521,0.549,5.8,2.9,0.8,0.6,0.5,0.5,8.8,6.7,9.6,6.1,120.7,106.4
,Branden Carlson,Okc,*,C,26.8,42,11.6,18.9,7.9,26,0.577,100,0.67,86,0.36,0.61,0.613,5.8,3,0.7,0.2,0.6,0.4,8.7,6.5,9.4,7.9,123.1,103.4
,Matisse Thybulle,Por,*,G-F,29.1,30,16,14.7,17.2,25,0.84,41,0.512,93,0.398,0.571,0.6,5.8,2,0.9,2,0.5,0.9,7.8,6.7,8.7,5.5,112.9,105.7
,Kris Murray,Por,*,F,25.6,57,23.4,10.6,14.5,57,0.684,154,0.617,122,0.279,0.529,0.55,5.8,3.6,1.4,0.9,0.4,0.8,9.4,7.2,10.8,5.3,117.7,112.7
,Ryan Dunn,Pho,*,F,23.3,70,19.4,13.7,13.4,47,0.489,193,0.56,169,0.331,0.53,0.532,5.8,4.2,1.5,0.9,0.4,0.8,10.1,7.3,11.5,6.8,114.3,107.1
,Anthony Gill,Was,*,F,33.5,55,17.3,11.9,14.3,46,0.739,167,0.707,48,0.354,0.667,0.682,5.8,2.9,1.3,0.6,0.4,0.7,8.7,7.1,10,6.5,132.3,118.6
,Josh Minott,Bos,,F,23.4,33,15.9,13.8,12.8,26,0.769,59,0.593,77,0.442,0.632,0.651,5.8,3.6,1,0.7,0.4,0.6,9.4,6.8,10.4,6.9,132.9,104.4
,Dean Wade,Cle,*,F-C,29.4,59,22.3,9.9,5.4,38,0.711,82,0.622,196,0.362,0.567,0.58,5.8,4.2,1.5,0.7,0.4,0.3,10,7.3,11.5,6,130.7,111.6
,Steven Adams,Hou,*,C,32.7,32,22.8,12.1,20.1,81,0.58,139,0.504,0,0,0.504,0.535,5.8,8.6,1.5,0.7,0.6,1.1,14.5,7.3,16,7.4,125.1,108
,Jamaree Bouyea,Pho,*,G,26.8,46,14,18.5,11.3,35,0.686,158,0.538,78,0.295,0.506,0.523,5.7,1.8,1.8,0.6,0.3,0.7,7.5,7.5,9.3,7.6,112.2,113
,Doug McDermott,Sac,*,F,34.3,29,15.1,15.1,8.5,9,0.889,16,0.375,123,0.39,0.561,0.574,5.7,1.3,0.8,0.2,0.1,0.4,6.9,6.4,7.7,4.8,113.3,121.4
,Mitchell Robinson,Nyk,*,C-F,28,60,19.6,10.7,16.6,103,0.408,206,0.723,0,0,0.723,0.676,5.7,8.8,0.9,0.9,1.2,0.7,14.4,6.5,15.3,7.3,148,100.9
,Karlo Matkovic,Nor,*,F-C,25,62,14.7,13.1,12.6,41,0.732,145,0.717,90,0.422,0.685,0.696,5.7,3.7,0.8,0.4,0.9,0.5,9.4,6.5,10.2,7,135,109.6
,E.J. Liddell,Bro,*,F,25.3,26,13.4,17.2,11.9,26,0.808,59,0.61,52,0.346,0.568,0.6,5.7,2.7,0.9,0.2,0.4,0.6,8.3,6.6,9.2,7.2,117.1,108.9
,Yves Missi,Nor,*,C,21.9,66,19.7,12.6,15.5,102,0.559,293,0.546,1,0,0.544,0.556,5.7,5.8,1.3,0.3,1.5,0.8,11.5,7,12.8,7.1,124,113.8
,Terrence Shannon Jr.,Min,*,G-F,25.7,43,12.5,17.7,12.3,70,0.8,95,0.484,76,0.408,0.541,0.597,5.6,1.1,0.9,0.3,0,0.6,6.7,6.5,7.6,5.7,118.1,110.5
,Keon Ellis,Sac,,G,26.3,43,17.6,13.7,9.1,32,0.625,65,0.462,144,0.368,0.524,0.536,5.6,1.3,0.6,1.1,0.5,0.5,6.8,6.2,7.4,3.7,106.6,116.1
,Dru Smith,Mia,*,G,28.3,70,16.3,15.2,14.5,105,0.829,196,0.495,129,0.295,0.474,0.532,5.6,2.5,2.6,1.4,0.3,0.8,8.1,8.2,10.7,8.1,118.3,106.4
,Killian Hayes,Sac,*,G,24.7,23,17.6,18.7,16.8,28,0.929,75,0.333,63,0.27,0.366,0.422,5.5,2.3,3.5,0.9,0.2,1.2,7.9,9,11.4,8,95.8,114.8
,Aaron Holiday,Hou,*,G,29.5,57,13.7,16.6,13.1,41,0.854,82,0.463,170,0.394,0.55,0.578,5.5,1,1.1,0.5,0.1,0.7,6.5,6.5,7.5,5.3,117.1,109.6
,Eric Gordon,Phi,*,G,37.3,6,12.3,14.2,12.4,2,0.5,7,0.571,14,0.571,0.762,0.754,5.5,0.3,0.5,0.7,0.2,0.5,5.8,6,6.3,3.1,130.3,118.5
,Baylor Scheierman,Bos,*,G,25.5,77,18.6,11.9,12.1,31,0.903,90,0.6,243,0.399,0.599,0.616,5.5,3.5,1.5,0.5,0.1,0.6,9,7.1,10.5,6.6,128.3,108.1
,Jett Howard,Orl,*,G,22.6,55,12.6,17.2,5.6,39,0.949,106,0.481,145,0.372,0.526,0.561,5.5,1.6,0.8,0.2,0.2,0.3,7.1,6.3,7.9,6.1,118.6,110.1
,Spencer Jones,Den,*,F,24.8,64,22.1,9.7,10.6,51,0.608,118,0.636,144,0.396,0.613,0.619,5.5,3.3,0.8,0.8,0.5,0.5,8.8,6.3,9.6,4.4,127.7,107.8
,Tre Mann,Cha,*,G,25.2,53,12.6,23.3,15.1,27,0.852,148,0.399,155,0.323,0.442,0.462,5.5,1.7,1.6,0.5,0.1,1,7.2,7.1,8.8,7.8,97.8,106.8
,Haywood Highsmith,Pho,*,F,29.3,7,13,12.2,0,7,0.857,9,0.444,14,0.571,0.696,0.729,5.4,1.9,1,0.6,0,0,7.3,6.4,8.3,6.7,166.1,109.3
,Jamal Cain,Orl,*,F,27.1,40,12.2,16.6,11.1,46,0.848,79,0.582,73,0.384,0.579,0.624,5.4,2,0.7,0.3,0.1,0.5,7.3,6.1,8.1,6.4,124.8,107.8
,Pete Nance,Mil,*,F,26.1,47,15.7,13.5,11.8,11,0.364,75,0.667,119,0.42,0.644,0.639,5.4,2.7,1,0.3,0.3,0.6,8.1,6.4,9.1,6.2,121.6,115.2
,Jevon Carter,Chi,,G,30.6,23,11.1,19.4,9.6,10,1,25,0.36,78,0.41,0.553,0.577,5.4,1.1,0.8,0.6,0.1,0.5,6.5,6.2,7.3,6.1,111.6,114.5
,Jordan Walsh,Bos,*,G,22.1,68,17.8,11.7,11.6,57,0.772,142,0.62,125,0.384,0.599,0.623,5.4,4,0.8,0.7,0.5,0.5,9.4,6.1,10.1,5.8,130.8,102.6
,Dylan Cardwell,Sac,*,C,24.3,44,20.6,11.3,17.9,51,0.51,175,0.589,4,0.5,0.592,0.591,5.4,7.6,1.4,0.7,1.5,0.9,13,6.8,14.4,7.5,130.1,103.3
,Sion James,Cha,*,G,23.4,82,22.5,11,15.1,98,0.837,136,0.404,236,0.352,0.483,0.531,5.4,3.5,2,0.6,0.2,0.8,8.9,7.4,10.9,6,116.1,109.3
,Tyrese Proctor,Cle,*,G,22,50,10.9,22,15.1,45,0.889,94,0.5,131,0.351,0.516,0.556,5.4,1.3,1.5,0.5,0,0.8,6.7,6.9,8.2,8,110,108
,Andersson Garcia,Uta,*,F,25.6,5,33.8,9.7,19.3,9,0.778,16,0.5,13,0.077,0.328,0.394,5.2,8.4,2.8,1.6,0.8,1.4,13.6,8,16.4,5.9,104.7,114.9
,Nikola Topic,Okc,*,G,20.7,10,16,21.1,32.8,5,0.4,36,0.444,15,0.4,0.49,0.489,5.2,1.9,4.4,0.5,0,2.5,7.1,9.6,11.5,8.8,94.7,106
,Marcus Sasser,Det,*,G,25.6,38,12,19.7,14.9,18,0.833,71,0.352,106,0.415,0.514,0.533,5.2,1,2,0.5,0.1,0.8,6.2,7.2,8.2,7.3,110.4,107.4
,Trey Alexander,Nor,*,G,22.9,9,12.3,15.9,7.5,5,0.6,25,0.52,12,0.5,0.595,0.599,5.2,1.2,1,0.7,0.2,0.3,6.4,6.2,7.4,6,120.7,110.8
,Garrison Mathews,Ind,*,G,29.5,15,13.1,14.1,5.4,23,0.826,6,0.667,46,0.37,0.567,0.628,5.2,1.1,0.7,0.4,0.2,0.2,6.3,5.9,7,4.8,127.9,114.2
,Jalen Pickett,Den,*,G,26.5,50,16.1,14.8,13.1,19,0.789,105,0.467,127,0.386,0.528,0.541,5.2,2.3,2.3,0.3,0.1,0.7,7.5,7.5,9.8,7.5,114.5,116.1
,Asa Newell,Atl,*,F,20.5,44,11.4,17.1,12,29,0.552,94,0.66,75,0.387,0.624,0.624,5.2,2.2,0.6,0.4,0.3,0.5,7.3,5.8,7.9,6.7,121.2,105.6
,Drew Eubanks,Sac,*,F-C,29.2,42,13.2,16.2,16.1,57,0.561,149,0.617,7,0.143,0.599,0.605,5.2,3,0.5,0.4,0.6,0.7,8.2,5.7,8.7,6,113.1,113.4
,Buddy Hield,Atl,*,G,33.3,7,7.3,27.9,17.9,3,1,10,0.6,17,0.412,0.611,0.636,5.1,1.1,0.7,0.3,0,0.9,6.3,5.9,7,8.6,105.4,116.4
,Sidy Cissoko,Por,*,G,22,75,19.1,12.5,17.3,88,0.659,136,0.544,198,0.298,0.487,0.514,5.1,2.2,1.5,0.7,0.3,0.9,7.3,6.6,8.8,5.4,107.1,106.9
,Johnny Furphy,Ind,*,G,21.3,35,18.4,12.8,16.3,35,0.486,78,0.603,71,0.324,0.547,0.547,5.1,4.4,1.2,0.6,0.2,0.8,9.5,6.3,10.7,6.5,107,110.5
,Jordan Hawkins,Nor,*,G,24,51,13.6,18.2,11.7,27,0.852,122,0.385,135,0.348,0.457,0.48,5.1,1.7,0.8,0.3,0.2,0.7,6.8,5.9,7.6,5.6,97.8,120.4
,Mo Bamba,Uta,*,C,27.9,2,19,11.9,18.2,0,0,9,0.556,0,0,0.556,0.556,5,10,0.5,0,1,1,15,5.5,15.5,6.2,126.3,112.1
,Patrick Baldwin Jr.,Lac,,F,23.4,2,6.1,21.4,18.4,2,1,1,1,3,0.667,1,1.025,5,0.5,0,0,0,0.5,5.5,5,5.5,0,151.2,105.4
,Jericho Sims,Mil,*,C,27.5,67,19.7,9.8,28.8,71,0.62,185,0.784,0,0,0.784,0.772,5,5.5,1.6,0.3,0.3,1.1,10.5,6.5,12.1,7.2,140.4,111.1
,RayJ Dennis,Ind,,G,25,13,12.9,22.7,16.2,9,0.889,34,0.294,38,0.316,0.389,0.421,4.9,1.6,2,0.2,0.3,1.1,6.5,6.9,8.5,7.8,90.8,115.1
,Taylor Hendricks,Uta,,F,22.4,33,14.9,13.5,13.5,32,0.719,58,0.586,70,0.343,0.547,0.574,4.9,3,0.7,0.4,0.2,0.6,7.9,5.7,8.7,5.8,114.2,117.8
,Amir Coffey,Pho,*,G-F,28.8,16,14.1,12.9,7.9,13,0.692,34,0.559,24,0.417,0.586,0.604,4.8,1.9,1,0.4,0.1,0.3,6.8,5.8,7.8,5.9,131.5,113.4
,Blake Wesley,Por,*,G,23.1,31,11.6,19.8,20,47,0.553,88,0.523,36,0.278,0.492,0.511,4.8,1.3,2,0.5,0.2,1,6,6.8,8,8,104.6,109.7
,Adem Bona,Phi,*,F,23,71,17.4,11.1,20.3,113,0.708,214,0.603,6,0.333,0.6,0.638,4.8,4.3,0.5,0.4,1.2,0.8,9.2,5.3,9.6,5,125.7,106.4
,Gabe Vincent,Lal,,G,29.8,29,19.3,11.5,8.4,11,0.909,27,0.259,103,0.369,0.492,0.512,4.8,0.9,1.3,0.5,0,0.4,5.7,6,7,3.7,109.5,112.5
,Tyler Smith,Dal,*,F,21.4,12,13.8,14.8,10.7,6,0.667,15,0.733,35,0.286,0.52,0.532,4.7,2.8,0.4,0.5,0,0.5,7.4,5.1,7.8,5,109,111.8
,Vince Williams Jr.,Uta,*,G,25.6,6,13.9,18.1,19.9,4,0.5,10,0.4,18,0.333,0.464,0.47,4.7,3.2,2.7,0.3,0.3,1.2,7.8,7.3,10.5,9.9,101.7,114.2
,Zyon Pullin,Min,*,G,25.1,5,8.5,17.6,18.2,4,1,10,0.8,3,0.333,0.731,0.779,4.6,0.6,1.8,0.2,0,0.6,5.2,6.4,7,8,144.5,106.2
,Kyle Anderson,Min,*,F-G,32.6,19,19.1,11.5,16.8,22,0.773,69,0.507,5,0,0.473,0.52,4.6,3.7,3.3,0.8,0.6,0.8,8.3,7.8,11.5,8,123.3,106
,Malaki Branham,Was,*,F,22.9,28,9.8,18.3,14.1,34,0.824,54,0.537,37,0.378,0.549,0.604,4.6,1.6,0.8,0.4,0.1,0.5,6.1,5.4,7,7.4,118.7,119.8
,Jeremiah Robinson-Earl,Ind,,F,25.4,17,17.6,14.1,10.7,14,0.929,50,0.42,33,0.242,0.398,0.443,4.6,5.2,0.7,0.4,0.1,0.6,9.8,5.4,10.5,5.8,104.8,113.6
,Lonzo Ball,Cle,*,G,28.5,35,20.8,13.7,22.8,21,0.667,29,0.448,147,0.272,0.415,0.432,4.6,4,3.9,1.3,0.3,1.5,8.6,8.5,12.5,8,100.5,110.2
,Taelon Peter,Ind,*,G,24.1,38,13,16.6,14.6,16,0.625,33,0.576,125,0.328,0.509,0.518,4.5,1.6,1.1,0.7,0.1,0.7,6.1,5.6,7.1,6.1,98.3,114.4
,Mike Conley,Min,*,G,38.5,54,18.4,11.6,14,50,0.9,49,0.327,166,0.337,0.465,0.517,4.5,1.7,2.9,0.6,0.3,0.6,6.3,7.4,9.2,6.1,119.6,110.7
,Moussa Cisse,Dal,*,C,23.6,38,13.9,14.3,20.7,81,0.469,115,0.574,0,0,0.574,0.564,4.5,5.7,0.2,0.5,1.2,0.8,10.2,4.7,10.4,5,117.6,102.2
,Craig Porter,Cle,*,G,26.1,64,17.9,12.3,18.6,40,0.6,165,0.503,93,0.355,0.514,0.524,4.5,3.4,3.2,0.9,0.6,0.9,8,7.7,11.2,8.2,121.9,112.3
,Josh Okogie,Hou,*,G,27.6,78,17.4,11.3,12.2,69,0.594,133,0.474,161,0.385,0.531,0.544,4.5,2.6,0.9,0.8,0.2,0.5,7.1,5.4,8,5,118.8,109.5
,Jeremiah Robinson-Earl,Dal,*,F,25.4,5,12.2,14.2,10.3,4,1,9,0.667,8,0.25,0.529,0.586,4.4,3,0.6,0.4,0,0.4,7.4,5,8,6.5,121.7,113.5
,Kam Jones,Ind,*,G,24.1,37,16.7,14.4,17.5,8,0.5,94,0.489,75,0.293,0.467,0.47,4.4,1.6,3.2,0.5,0,1,6,7.6,9.2,6.8,103.6,118.1
,DeAndre Jordan,Nor,*,C,37.7,12,16.6,10.2,21.8,17,0.647,32,0.656,0,0,0.656,0.671,4.4,6.3,0.9,0.3,0.8,0.8,10.8,5.3,11.7,7,134.8,111.1
,Jase Richardson,Orl,*,G,20.5,54,10.9,16.8,11.7,46,0.717,109,0.56,79,0.354,0.548,0.574,4.4,1.2,1.1,0.4,0,0.5,5.6,5.5,6.7,6.6,116.4,110.1
,Mouhamed Gueye,Atl,*,F,23.4,77,15.3,12.4,10.2,62,0.645,160,0.569,130,0.308,0.521,0.539,4.4,3.6,0.9,0.8,0.5,0.4,8,5.3,8.9,6.3,118.4,105.3
,Tyler Kolek,Nyk,*,G,25,62,11.7,18.4,18.1,20,0.7,134,0.478,114,0.386,0.524,0.533,4.4,1.6,2.7,0.4,0.1,0.9,6,7.2,8.7,9.1,114.3,108
,Jarred Vanderbilt,Lal,*,F,27,65,17.4,12.4,18.9,56,0.589,141,0.596,99,0.293,0.531,0.544,4.4,4.5,1.3,0.8,0.3,0.9,8.9,5.7,10.2,6.8,112.9,107
,Riley Minix,Cle,*,F,25.6,6,8.3,18,14.7,3,1,8,0.875,9,0.333,0.676,0.71,4.3,0.7,0.7,0.2,0.2,0.5,5,5,5.7,6.2,126.4,113.7
,Grant Nelson,Bro,*,F,24.1,4,8.8,21.7,30.1,10,0.7,9,0.556,0,0,0.556,0.634,4.3,1.5,1.3,0.3,1.3,1,5.8,5.5,7,9.2,111.2,103.5
,Skal Labissiere,Was,*,F-C,30.1,3,12.5,12.2,9.1,0,0,5,1,5,0.2,0.65,0.65,4.3,3,1,0.7,0.3,0.3,7.3,5.3,8.3,7.5,135.4,117
,Josh Green,Cha,*,G,25.4,58,15.7,10.6,16.2,28,0.893,43,0.581,138,0.42,0.619,0.644,4.3,1.8,0.8,0.6,0.1,0.6,6.1,5.1,6.9,4.7,125.6,111.7
,Micah Peavy,Nor,*,G-F,24.7,61,15,14,6.8,29,0.759,167,0.467,108,0.259,0.436,0.455,4.3,1.9,1,0.7,0.1,0.3,6.2,5.3,7.2,5.4,105.8,112.9
,Liam McNeeley,Cha,*,F,20.5,31,11.9,14.4,12,39,0.821,35,0.4,60,0.4,0.526,0.588,4.3,2.4,0.8,0.2,0.1,0.4,6.6,5,7.4,6.8,124.2,107.3
,Rasheer Fleming,Pho,*,F,21.8,55,12.2,16.4,11.8,34,0.559,85,0.494,131,0.344,0.507,0.515,4.3,2.3,0.3,0.4,0.4,0.5,6.6,4.6,6.9,4.7,107.4,109.5
,Keshad Johnson,Mia,*,F,24.8,32,8.7,18.9,11.1,29,0.724,60,0.633,44,0.295,0.553,0.582,4.3,1.9,0.3,0.5,0.3,0.4,6.2,4.5,6.4,6.2,116.5,106.8
,Dereck Lively II,Dal,*,C,22.2,7,16.5,11.8,35.3,10,0.8,18,0.611,0,0,0.611,0.67,4.3,5.3,1.9,0.6,1.6,1.4,9.6,6.1,11.4,8.5,121.5,98.8
,Yanic Konan Niederhauser,Lac,*,C,23.1,41,10.3,15.7,18.6,62,0.758,95,0.663,5,0.2,0.645,0.691,4.3,2.9,0.3,0.1,0.7,0.6,7.1,4.6,7.4,6,130.7,102
,Jabari Walker,Phi,*,F,23.7,64,11.9,15,11.2,68,0.735,118,0.551,95,0.337,0.531,0.568,4.3,3,0.5,0.4,0.2,0.4,7.3,4.8,7.8,6.3,122,104.6
,Ochai Agbaji,Tor,,G,26,42,15.5,13.3,10,29,0.862,105,0.571,65,0.185,0.459,0.495,4.3,2.3,0.7,0.4,0.3,0.5,6.6,5,7.3,4.9,106.8,106.5
,A.J. Lawson,Tor,*,G,25.7,24,9.4,17.5,7.1,18,0.778,33,0.455,45,0.422,0.558,0.588,4.2,1.8,0.3,0.5,0.2,0.3,6,4.5,6.3,5.6,117.7,102.8
,Ron Harper Jr.,Bos,*,G-F,26,29,10.9,16.4,6.8,4,0.75,30,0.6,80,0.35,0.545,0.55,4.2,1.7,0.8,0.3,0.3,0.3,5.9,5,6.7,6.6,120.8,110.9
,Trayce Jackson-Davis,Gol,,F,26.1,36,11.4,14.8,15,52,0.558,101,0.584,1,1,0.593,0.601,4.2,3.1,0.9,0.4,0.5,0.5,7.3,5.1,8.2,8,126.7,108.6
,Dalton Knecht,Lal,*,F,25,54,10.2,17.7,10.7,22,0.727,80,0.613,111,0.342,0.555,0.568,4.2,1.4,0.4,0.2,0.2,0.4,5.6,4.6,6,5.2,108,112
,Carter Bryant,San,*,F,20.4,71,11.5,16.3,11.1,42,0.714,110,0.509,155,0.335,0.506,0.526,4.2,2.5,0.7,0.2,0.3,0.5,6.7,4.9,7.4,6.8,108.3,102.5
,Dalen Terry,Phi,*,F,23.8,14,12.4,15.5,8.6,13,0.538,33,0.545,20,0.25,0.481,0.494,4.1,1.6,1.6,0.5,0.3,0.4,5.7,5.8,7.4,7.1,114.1,111.1
,Tristan Enaruna,Cle,*,F,24.8,9,9.5,17.1,9.6,8,0.75,18,0.611,10,0.3,0.554,0.587,4.1,1.6,0.8,0.6,0,0.3,5.7,4.9,6.4,7.3,126.4,115.9
,Jeremy Sochan,San,,F,22.9,28,12.8,14.7,15.2,16,0.688,65,0.6,35,0.257,0.525,0.542,4.1,2.6,1,0.4,0.2,0.6,6.8,5.1,7.7,6.9,112.2,100.6
,Brandon Clarke,Mem,*,F,29.6,2,10.2,21.9,0,4,0.5,9,0.333,0,0,0.333,0.372,4,3,0.5,1,0,0,7,4.5,7.5,7.1,104.8,94.4
,Tony Bradley,Ind,,C-F,28.3,38,11,14.5,13.8,43,0.744,104,0.558,2,0.5,0.561,0.604,4,2.8,0.5,0.2,0.2,0.4,6.8,4.5,7.3,6.5,128.8,108.6
,Jaylen Clark,Min,*,G,24.5,68,13.1,13.3,9.2,67,0.657,127,0.52,100,0.33,0.509,0.536,4,1.8,0.6,0.7,0.1,0.3,5.8,4.7,6.4,5,117.3,108.4
,Nicolas Batum,Lac,*,G-F,37.3,74,17.5,9.6,13.4,11,0.818,10,0.4,228,0.404,0.597,0.603,4,2.5,0.9,0.6,0.3,0.5,6.4,4.8,7.3,4.8,115.9,111.6
,Gabe Vincent,Atl,*,G,29.8,24,13.4,13.8,14.8,12,0.833,16,0.625,70,0.3,0.483,0.509,3.9,1.1,1.6,0.5,0.1,0.6,5,5.5,6.6,5.7,108.5,112.1
,AJ Johnson,Dal,*,G,21.4,23,10.4,20.5,11.4,28,0.893,61,0.41,32,0.156,0.349,0.427,3.9,1,1.1,0.2,0.1,0.5,5,5,6,6.2,93.6,116
,Tyus Jones,Dal,,G,29.9,8,16.6,12.6,12.7,2,0.5,15,0.6,19,0.211,0.441,0.444,3.9,1.1,3.8,0.4,0,0.6,5,7.6,8.8,6.1,109,118.7
,Joan Beringer,Min,*,F,19.4,40,7.9,16.8,10.1,37,0.703,98,0.663,0,0,0.663,0.683,3.9,2.3,0.3,0.2,0.7,0.3,6.2,4.2,6.5,7,141.7,101.9
,Hugo Gonzalez,Bos,*,G,20.2,74,14.6,11.8,13.4,26,0.5,130,0.577,116,0.362,0.561,0.561,3.9,3.3,0.5,0.6,0.3,0.5,7.2,4.4,7.8,5.1,114.7,102
,Caleb Martin,Dal,*,F,30.5,58,14.8,12.5,17.4,61,0.607,132,0.492,57,0.351,0.503,0.526,3.9,2.5,1.4,0.7,0.3,0.7,6.4,5.3,7.8,6.5,106.3,108.7
,Omer Yurtseven,Gol,*,C,27.8,9,11.6,17.5,25.5,18,0.667,22,0.5,4,0,0.423,0.501,3.8,3.3,0.9,0.2,0.1,1,7.1,4.7,8,7.7,104.5,104
,Patrick Baldwin Jr.,Sac,*,F,23.4,6,14.7,14.1,14.7,5,0.6,12,0.333,11,0.364,0.435,0.456,3.8,3.5,0.8,0.5,0.8,0.7,7.3,4.7,8.2,6,108.3,109.7
,Koby Brea,Pho,*,G,23.4,12,7,20.7,9.9,2,1,6,0.333,30,0.433,0.597,0.61,3.8,0.7,0.8,0.1,0,0.3,4.4,4.6,5.3,7.3,123.4,114
,Noah Penda,Orl,*,G-F,21.3,59,12.8,14.8,17.1,48,0.688,110,0.473,93,0.323,0.478,0.506,3.8,3.2,1.2,0.5,0.3,0.7,7,5,8.2,7.6,109.3,107
,Clint Capela,Hou,*,C,31.9,75,12.3,13.7,15.3,78,0.577,225,0.52,2,0.5,0.522,0.54,3.8,4.6,0.7,0.5,0.8,0.5,8.4,4.4,9,7.5,122.6,106.1
,Tony Bradley,Atl,*,C,28.3,3,11.5,14.5,8.3,0,0,9,0.444,2,0.5,0.5,0.5,3.7,3,0.7,0,0,0.3,6.7,4.3,7.3,6.9,115.5,114.2
,Tolu Smith,Det,*,F,25.7,15,9.2,17,16.2,30,0.667,36,0.5,0,0,0.5,0.569,3.7,3.3,0.9,0.1,0.4,0.5,7,4.6,7.9,9.7,128,96
,DaRon Holmes II,Den,*,F,23.7,25,8.4,16.4,16.4,14,0.786,16,0.688,45,0.444,0.672,0.692,3.7,1.4,0.6,0,0.2,0.5,5.1,4.4,5.8,6.9,124.7,112.2
,Zeke Nnaji,Den,*,F-C,25.3,52,12,13.7,15.1,44,0.773,97,0.588,54,0.259,0.517,0.558,3.7,2.6,0.6,0.3,0.5,0.5,6.3,4.2,6.8,6,112.1,107.4
,Ousmane Dieng,Okc,,F,22.9,27,10.9,14.9,8,6,1,42,0.476,49,0.367,0.516,0.534,3.7,1.6,1,0.1,0.3,0.3,5.3,4.7,6.3,6.6,114.8,106.7
,Larry Nance Jr.,Cle,*,F-C,33.3,35,12.8,14,13.9,13,0.462,61,0.508,63,0.333,0.504,0.505,3.7,2.7,1,0.6,0.2,0.6,6.4,4.7,7.4,6.7,108.1,104.9
,Mohamed Diawara,Nyk,*,F,21,69,9.2,17.1,12.3,24,0.75,83,0.506,130,0.369,0.535,0.55,3.6,1.4,0.8,0.2,0.1,0.4,4.9,4.3,5.7,6.9,111,109.1
,Myron Gardner,Mia,*,F,24.9,45,9.1,15,12.1,26,0.731,59,0.559,64,0.406,0.585,0.606,3.6,2.7,1,0.4,0.2,0.4,6.3,4.6,7.3,9.4,128.9,95.6
,Olivier Sarr,Cle,*,C,27.1,4,9.9,12,21.8,5,0.4,4,0.75,3,0.667,0.857,0.761,3.5,2.8,1.3,0.5,0.8,0.5,6.3,4.8,7.5,9.4,137.5,90.1
,Charles Bassey,Mem,,C-F,25.5,2,15.3,14.1,10.9,3,0.333,8,0.375,0,0,0.375,0.376,3.5,7.5,1,0.5,0.5,0.5,11,4.5,12,7.8,112,101.1
,Rob Dillingham,Min,,G,21.3,35,9.3,24,20.3,20,0.75,108,0.324,33,0.364,0.376,0.404,3.5,1.2,1.7,0.5,0.1,1,4.6,5.1,6.3,8.3,84.7,105.6
,Dalen Terry,Chi,,F,23.8,34,11.1,14.4,17,17,0.529,56,0.464,46,0.413,0.534,0.539,3.5,1.9,1.3,0.6,0.3,0.6,5.4,4.7,6.6,7.4,109.3,111.7
,Keaton Wallace,Atl,*,G,27.1,53,10.1,16.1,14,18,0.667,69,0.435,102,0.373,0.509,0.52,3.5,1.1,1.8,0.5,0.1,0.5,4.6,5.3,6.3,7.6,109.2,109.5
,Taj Gibson,Mem,*,F,40.8,10,9.7,13.1,3.7,8,0.875,20,0.45,6,0.5,0.519,0.576,3.4,2.7,0.6,0.2,0.1,0.1,6.1,4,6.7,7.3,137.7,107.1
,Yuki Kawamura,Chi,*,G,24.9,18,11.6,14.8,21.1,19,0.895,15,0.4,37,0.297,0.433,0.514,3.4,1.8,2.6,0.5,0,0.8,5.3,6.1,7.9,8.7,114.9,114.2
,Drew Timme,Lal,*,F,25.6,27,8.7,15.4,16.4,9,0.556,41,0.659,25,0.44,0.659,0.658,3.4,1.2,0.9,0.2,0,0.5,4.6,4.3,5.5,7.1,122.5,111.7
,Enrique Freeman,Min,*,F,25.7,4,9.3,13.3,19.4,4,0.75,4,0.5,4,0.5,0.625,0.666,3.3,2.5,0.5,0.5,0.8,0.5,5.8,3.8,6.3,6.9,123.8,99.8
,Isaiah Stevens,Sac,*,G,25.4,3,14.3,10.7,21.2,4,1,6,0.5,1,0,0.429,0.571,3.3,1,3.3,1.7,0,0.7,4.3,6.7,7.7,6.2,131.8,118.7
,Malevy Leons,Gol,*,F,26.6,25,11.1,14.3,15.2,19,0.789,56,0.5,16,0.25,0.472,0.516,3.3,2.1,0.9,0.6,0.3,0.5,5.4,4.2,6.4,6.6,116.2,108.3
,RayJ Dennis,Atl,*,G,25,3,11.5,15.7,15.4,0,0,4,0.5,7,0.286,0.455,0.455,3.3,1,2.3,0.3,0,0.7,4.3,5.7,6.7,6.8,101.1,104.8
,Dorian Finney-Smith,Hou,*,F,32.9,37,16.8,10.7,14.2,9,0.889,32,0.531,100,0.27,0.436,0.452,3.3,2.5,1,0.4,0.2,0.6,5.8,4.3,6.8,4.8,105.2,108.4
,James Wiseman,Ind,*,C,25,4,14.6,11.5,32.9,2,0.5,10,0.6,0,0,0.6,0.597,3.3,2,0.8,0,0.3,1.3,5.3,4,6,4.8,99.4,108.6
,Dwight Powell,Dal,*,F-C,34.7,63,14.4,8.9,28.8,112,0.696,94,0.67,7,0.286,0.653,0.699,3.3,4.1,1.1,0.5,0.3,0.7,7.4,4.4,8.5,6.8,138.5,103.1
,Alex Antetokounmpo,Mil,*,F,24.6,6,3.4,33.4,10.7,15,0.733,1,1,7,0.286,0.5,0.651,3.2,1,0.2,0,0.2,0.2,4.2,3.3,4.3,10.1,0,0
,Julian Phillips,Min,*,F,22.4,13,7.2,19.1,10.7,12,0.75,17,0.588,16,0.25,0.485,0.536,3.2,0.4,0.2,0.4,0.1,0.3,3.5,3.4,3.8,3.5,104.5,108.4
,Kelly Olynyk,San,*,F-C,35,42,8.6,16,19.9,38,0.711,49,0.714,47,0.255,0.552,0.59,3.2,1.8,1.2,0.4,0.1,0.6,5,4.3,6.1,8.9,119.5,102.8
,Nick Richards,Pho,,C,28.4,28,9.1,18.1,26,28,0.679,71,0.493,0,0,0.493,0.534,3.2,3.3,0.3,0.1,0.5,0.9,6.4,3.5,6.7,6.5,100.9,99.3
,John Konchar,Mem,,G,30.1,30,14.5,8.7,16.4,13,0.615,32,0.75,39,0.333,0.613,0.619,3.2,3.1,1.3,1,0.4,0.5,6.2,4.5,7.6,6.5,126.6,112.6
,Christian Koloko,Atl,*,C,25.8,14,11.1,14.1,18.6,11,0.818,31,0.516,8,0.125,0.449,0.502,3.1,2.6,0.6,0.3,0.7,0.6,5.7,3.7,6.3,6.1,103,99.7
,Miles Kelly,Dal,*,G,23.2,14,9.6,15.8,11.9,1,1,11,0.545,33,0.303,0.477,0.484,3.1,1.7,0.9,0.3,0.1,0.4,4.8,3.9,5.6,7,100.9,110.5
,Mark Sears,Mil,*,G,24.1,7,3.7,34.7,23.1,8,0.75,5,0.4,8,0.5,0.615,0.666,3.1,0.3,0.3,0,0,0.6,3.4,3.4,3.7,7.1,0,0
,Jamison Battle,Tor,*,F,24.9,61,8.5,14.1,11.6,14,0.643,60,0.65,85,0.412,0.631,0.635,3.1,1.5,0.4,0.1,0,0.3,4.6,3.5,5,5.8,118.7,109.9
,Chris Youngblood,Por,*,G,24.2,2,5.5,11.2,0,0,0,0,0,3,0.667,1,1,3,0,0.5,0,0,0,3,3.5,3.5,0,200.5,105.2
,CJ Huntley,Pho,*,F,24.3,4,10.1,11.6,0,0,0,8,0.75,3,0,0.545,0.545,3,1.3,0.5,0.3,0,0,4.3,3.5,4.8,4.9,128.5,116.2
,Dalano Banton,Lac,,F,26.4,2,4.9,22.8,20,0,0,4,0.75,0,0,0.75,0.75,3,0.5,1,0.5,0,0.5,3.5,4,4.5,9.3,135,120.7
,Emanuel Miller,Chi,*,F,25.8,5,6.6,17.5,0,2,0.5,7,0.571,6,0.333,0.538,0.54,3,0.6,0.8,0.4,0,0,3.6,3.8,4.4,6.8,124.1,116.2
,Chris Livingston,Cle,*,F,22.5,3,5.8,18,0,1,1,4,1,3,0,0.571,0.605,3,1,0.3,0.3,0,0,4,3.3,4.3,6.7,128.9,91.5
,Monte Morris,Ind,*,G,30.8,6,10.8,15.6,9,4,0.5,12,0.417,8,0.25,0.4,0.414,3,1.2,1.5,0.2,0.2,0.3,4.2,4.5,5.7,6.5,96.7,120.1
,Khaman Maluach,Pho,*,C,19.6,46,8.9,14.8,19.2,31,0.71,84,0.607,21,0.238,0.557,0.586,3,2.9,0.1,0.1,0.7,0.5,5.9,3.2,6,4.3,113.4,105.7
,Riley Minix,San,,F,25.6,3,2.8,30.5,0,0,0,3,1,3,0.333,0.75,0.75,3,0.7,0.3,0.3,0,0,3.7,3.3,4,12.2,0,0
,Tyus Jones,Orl,,G,29.9,48,15.7,9.8,8.1,6,1,56,0.429,102,0.294,0.437,0.448,3,1.1,2.4,0.7,0.1,0.3,4.1,5.4,6.5,5.1,113.7,115.9
,Kobe Bufkin,Lal,*,G,22.6,16,7.5,22.1,9,12,0.917,24,0.417,26,0.192,0.35,0.416,2.9,0.8,0.6,0.1,0.2,0.3,3.7,3.5,4.3,6,90.9,113.1
,Curtis Jones,Den,*,G,24.5,10,8.8,14.8,6.8,2,0.5,9,0.556,18,0.333,0.519,0.52,2.9,1.1,1,0.4,0,0.2,4,3.9,5,6.7,115.4,113.1
,Duop Reath,Por,*,C,29.8,32,8.1,13.2,8.6,6,0.833,19,0.526,55,0.418,0.601,0.613,2.9,1.2,0.3,0.2,0.3,0.2,4.1,3.3,4.4,5,124.9,108.7
,Rayan Rupert,Por,,G-F,21.9,48,12,12.8,16,14,0.643,76,0.408,71,0.31,0.435,0.447,2.9,1.8,0.7,0.6,0,0.6,4.6,3.6,5.4,5.1,94.9,107.5
,Bronny James,Lal,*,G,21.5,42,8.9,16.7,17.8,7,0.857,58,0.431,57,0.386,0.504,0.517,2.9,0.5,1.2,0.5,0.1,0.6,3.5,4.1,4.7,5.4,102.2,112.8
,David Jones Garcia,San,*,F,24.4,11,6.2,20.2,16.5,6,0.5,20,0.5,5,0.6,0.58,0.579,2.9,1.2,1.6,0.5,0.1,0.5,4.1,4.5,5.7,11.4,124.1,102.5
,Kobe Brown,Lac,,F,26.3,34,8.7,16.6,15.1,26,0.808,35,0.571,49,0.265,0.47,0.524,2.9,1.6,0.8,0.3,0.1,0.4,4.5,3.7,5.3,7.1,112.2,114.7
,Chris Paul,Lac,*,G,40.9,16,14.2,14.2,22.2,2,0.5,26,0.308,30,0.333,0.411,0.413,2.9,1.8,3.3,0.7,0,1,4.7,6.3,8,7.3,101.6,109.3
,Charles Bassey,Bos,,C-F,25.5,5,3.4,24.8,12.2,4,0.5,7,0.857,0,0,0.857,0.799,2.8,1.2,0,0.2,0.4,0.2,4,2.8,4,0,0,0
,Norchad Omier,Lac,*,F,24.6,6,4,21.2,0,3,1,9,0.778,1,0,0.7,0.751,2.8,1.2,0.3,0.2,0,0,4,3.2,4.3,10,170.6,101
,Rocco Zikarsky,Min,*,C,19.8,5,7.3,12.4,10.6,4,1,8,0.625,0,0,0.625,0.717,2.8,2.8,0.4,0,1,0.2,5.6,3.2,6,8,146.3,104.6
,Jeremy Sochan,Nyk,*,F,22.9,16,6.9,14.5,9,10,0.8,20,0.75,10,0.2,0.6,0.64,2.8,2.1,0.8,0.4,0.1,0.2,4.9,3.5,5.6,9.7,142.9,100.8
,Kevon Looney,Nor,*,F,30.2,21,14.6,9.9,13,10,0.7,47,0.489,13,0.154,0.433,0.458,2.8,5.6,1.6,0.4,0.5,0.4,8.4,4.4,10,8,127.3,108.2
,Jae'Sean Tate,Hou,*,F,30.5,46,8.8,13.5,12.8,11,0.636,77,0.597,32,0.313,0.56,0.567,2.8,1.6,0.5,0.2,0.1,0.3,4.4,3.3,4.9,5.9,120.1,106
,Julian Phillips,Chi,,F,22.4,35,9.5,12.5,7.3,11,0.818,39,0.538,49,0.327,0.511,0.533,2.8,1.3,0.2,0.5,0.2,0.2,4.1,3,4.3,3.8,113.8,112.2
,Cam Christie,Lac,*,G,20.7,55,8.7,16.9,13.6,50,0.76,90,0.456,49,0.245,0.424,0.484,2.8,1.4,0.6,0.3,0.1,0.4,4.3,3.4,4.8,6.1,102.4,116.1
,AJ Johnson,Was,,G,21.4,25,8.6,20.8,17.8,12,0.75,58,0.345,25,0.28,0.367,0.396,2.8,1.2,0.9,0.3,0,0.7,4,3.7,4.9,6.7,82.5,121
,Antonio Reeves,Cha,*,G,23.4,10,6.8,13.1,4.8,0,0,7,0.429,13,0.538,0.675,0.675,2.7,0.8,0.3,0.1,0,0.1,3.5,3,3.8,5.1,138.1,115.4
,Gary Harris,Mil,*,G,31.6,48,13.8,8.5,15.4,9,0.889,36,0.5,68,0.412,0.577,0.593,2.7,1.3,1.1,0.6,0.2,0.4,3.9,3.7,5,4.5,120.1,116.5
,Guerschon Yabusele,Nyk,,F,30.3,41,8.9,14.9,12.3,12,0.667,39,0.564,68,0.294,0.486,0.499,2.7,2.1,0.4,0.1,0.1,0.4,4.9,3.2,5.3,5.9,107.1,106
,Christian Koloko,Mem,,C,25.8,11,17.7,9.4,16.6,4,0.25,34,0.412,1,0,0.4,0.394,2.6,4,0.9,0.9,1.2,0.6,6.6,3.5,7.5,4.8,99.7,111.1
,Pat Connaughton,Cha,*,G,33.3,42,7.1,15,11.4,20,0.65,33,0.515,52,0.404,0.571,0.586,2.6,1.5,0.4,0.3,0,0.3,4.1,3,4.5,6.5,121.3,113.6
,Jonathan Isaac,Orl,*,F,28.5,52,10,12.4,14.1,58,0.603,71,0.549,38,0.184,0.454,0.498,2.6,2.5,0.4,0.4,0.6,0.3,5.1,3,5.5,5.5,110.7,108.1
,John Tonje,Bos,*,G,25,6,7,16.3,0,4,1,4,0.25,10,0.3,0.393,0.476,2.5,1,0.3,0.3,0,0,3.5,2.8,3.8,5.2,114.6,101.9
,JD Davison,Hou,*,G,23.5,28,7.8,15.3,9.8,19,0.684,32,0.5,32,0.25,0.438,0.477,2.5,1.2,1.3,0.2,0.2,0.3,3.7,3.7,4.9,8.1,116.4,109
,Kevin McCullar Jr.,Nyk,*,G,25.1,21,7.4,16.9,20.3,5,0.4,23,0.522,24,0.333,0.511,0.508,2.4,1.3,1,0.4,0,0.6,3.7,3.3,4.7,7.9,105.3,100.3
,Lachlan Olbrich,Chi,*,C,22.3,37,9.3,13.4,17.2,40,0.375,58,0.586,19,0.105,0.481,0.47,2.4,3,1.1,0.3,0.2,0.4,5.4,3.5,6.6,8.6,115.5,105
,Lindy Waters III,San,*,F,28.7,40,7.1,14.3,7.3,3,0.667,9,0.667,79,0.342,0.528,0.532,2.4,0.7,0.5,0.2,0,0.2,3.1,2.9,3.6,5.3,110,108.1
,Chaz Lanier,Det,*,G,24.3,34,7.7,15,3.2,6,0.833,22,0.409,67,0.284,0.421,0.436,2.4,0.7,0.5,0.2,0,0.1,3,2.9,3.5,4.9,106,113.7
,Andre Jackson Jr.,Mil,*,G,24.4,48,8.5,17.8,20.6,32,0.625,59,0.407,60,0.25,0.391,0.425,2.4,1.5,0.9,0.4,0.1,0.6,3.9,3.3,4.8,7,91.7,111.6
,Amir Coffey,Mil,,G-F,28.8,30,8.8,10.9,6.7,15,0.867,30,0.633,25,0.28,0.536,0.584,2.4,0.9,0.4,0.1,0.1,0.1,3.3,2.8,3.6,4.3,122.4,121.3
,Hunter Dickinson,Nor,*,C,25.4,5,8.5,17.5,17.2,2,1,10,0.5,4,0,0.357,0.403,2.4,1,0.4,0.2,0.4,0.6,3.4,2.8,3.8,4.6,82.2,110.4
,Luke Travers,Cle,*,F,24.6,12,8.6,17.5,7.6,9,1,20,0.4,16,0.063,0.264,0.35,2.3,2,0.8,0.6,0.3,0.3,4.3,3.1,5.1,7.2,96.1,110.7
,Caleb Houstan,Atl,*,G,23.3,18,4.2,17.3,13.1,3,1,5,0.6,21,0.524,0.75,0.769,2.3,0.6,0.2,0.1,0.1,0.2,2.9,2.6,3.2,6.2,134.7,105
,Leonard Miller,Min,,F,22.4,19,5,20.8,21.3,11,0.636,21,0.81,12,0.083,0.561,0.581,2.3,1.3,0.3,0.2,0,0.5,3.6,2.6,3.9,7.7,104,102.3
,Chris Boucher,Bos,*,F,33.3,9,10.5,12.8,3.8,4,0.75,10,0.6,15,0.133,0.36,0.392,2.3,2,0.3,0.6,0.8,0.1,4.3,2.7,4.7,4.2,94.4,93
,Tyus Jones,Den,*,G,29.9,11,8.3,15.4,18.8,1,0,10,0.3,16,0.375,0.462,0.454,2.2,1.3,1.2,0.1,0,0.5,3.5,3.4,4.6,7.3,95.8,120.6
,Tyrese Martin,Phi,*,F,27.1,9,9,15.6,24.1,2,0,9,0.778,13,0.154,0.455,0.437,2.2,1.1,1,0.3,0.2,0.8,3.3,3.2,4.3,6,83.7,116.9
,Alijah Martin,Tor,*,G,24.3,23,6.3,19.6,13.7,19,0.789,29,0.414,21,0.19,0.36,0.437,2.2,0.9,0.5,0.3,0.2,0.3,3.1,2.7,3.7,6.3,97.3,109
,Hunter Tyson,Den,*,F,25.8,21,7.7,16.8,8.7,13,0.846,19,0.368,33,0.212,0.337,0.398,2.2,1.7,0.8,0.1,0,0.2,3.9,3,4.7,7.5,96,110.9
,Jeff Green,Hou,*,F,39.6,30,5.8,17.8,5.5,5,1,24,0.542,44,0.273,0.456,0.477,2.2,0.8,0.3,0.1,0.1,0.1,3.1,2.5,3.3,5.6,110.1,112.2
,Yang Hansen,Por,*,C,20.8,43,7,19.9,24.2,34,0.824,58,0.448,42,0.119,0.335,0.413,2.2,1.5,0.5,0.1,0.2,0.7,3.7,2.7,4.3,6.8,84.2,104
,Xavier Tillman,Bos,,F,27.2,14,8,14,13.9,0,0,16,0.688,15,0.2,0.5,0.5,2.2,1.8,0.4,0.4,0.1,0.4,4,2.6,4.4,5.8,108.2,106.3
,Ariel Hukporti,Nyk,*,C,24,54,9.2,10.9,28.5,33,0.788,76,0.579,4,0.25,0.569,0.619,2.2,2.9,0.5,0.2,0.5,0.6,5.1,2.7,5.6,6.4,119.2,100.6
,Alex Morales,Orl,*,G,28.4,4,5.9,21.2,35,2,1,6,0.5,1,0,0.429,0.508,2,0.8,1,0,0,1,2.8,3,3.8,7.9,85.9,89.7
,Jayson Kent,Por,*,F,24.2,5,4.5,13.4,0,1,1,3,1,4,0.25,0.643,0.672,2,1,0,0.2,0.2,0,3,2,3,0,139.5,110.6
,Charles Bassey,Phi,,C-F,25.5,1,4.6,9.2,0,0,0,1,1,0,0,1,1,2,0,0,0,1,0,2,2,2,0,200,125.8
,Keshon Gilbert,Was,,G,22.8,3,16.1,10.2,57.5,4,1,2,0.5,2,0,0.25,0.521,2,1.7,1,0.7,1.3,2,3.7,3,4.7,3.7,72.6,122.9
,Trentyn Flowers,Chi,*,F,21.1,2,2.8,29.8,25,0,0,2,1,1,0,0.667,0.667,2,0.5,0.5,0,0,0.5,2.5,2.5,3,11.3,0,0
,Isaiah Crawford,Hou,*,F,24.4,14,6.6,14,14.1,6,0.833,11,0.636,13,0.231,0.479,0.526,2,1.1,0.4,0.1,0.2,0.3,3.1,2.4,3.5,5.8,109.7,113.2
,Maxi Kleber,Lal,*,F,34.2,43,10.7,9.6,18.8,26,0.538,47,0.574,26,0.231,0.493,0.509,2,2,0.6,0.4,0.3,0.4,4,2.6,4.6,5,114.9,105.9
,Colby Jones,Det,*,G,23.9,1,6.8,18.3,0,0,0,1,1,2,0,0.333,0.333,2,4,2,0,0,0,6,4,8,14.8,105.8,85.8
,Johnny Juzang,Min,*,G,25.1,21,4.2,22.4,11.6,8,0.625,14,0.714,24,0.25,0.5,0.518,2,0.8,0.3,0.1,0,0.2,2.9,2.3,3.1,7.5,105.3,114.9
,Jordan McLaughlin,San,*,G,30,44,6.4,14.5,15.9,7,0.857,39,0.41,40,0.425,0.525,0.542,2,0.7,0.9,0.5,0,0.3,2.7,2.9,3.6,6.8,111.6,110.1
,Chris Youngblood,Okc,,G,24.2,32,5.4,16.5,3.2,10,0.9,9,0.444,51,0.314,0.467,0.505,2,0.9,0.3,0.1,0.1,0.1,2.9,2.4,3.3,6,115,101.1
,Sean Pedulla,Lac,*,G,23.5,7,4.4,22.9,6.3,0,0,5,0.4,10,0.3,0.433,0.433,1.9,0.4,0.7,0,0,0.1,2.3,2.6,3,7.4,99.5,108.8
,Adou Thiero,Lal,*,G,21.9,25,6,14.6,22.3,22,0.636,28,0.536,3,0.333,0.532,0.578,1.9,1.1,0.4,0.3,0.1,0.4,3,2.3,3.4,6.3,112.8,105.1
,Mason Plumlee,Cha,,F-C,36.1,14,8.9,8.9,42.3,12,0.667,12,0.75,0,0,0.75,0.752,1.9,2.9,1.1,0.4,0,0.6,4.7,3,5.9,8.2,128.6,104.8
,PJ Hall,Mem,,C,24.1,7,3.8,17.6,9.7,3,0.667,6,0.667,3,0.333,0.611,0.63,1.9,1.3,0.3,0,0.3,0.1,3.1,2.1,3.4,9.5,0,0
,Trayce Jackson-Davis,Tor,*,F,26.1,17,5,18,15.3,22,0.409,22,0.5,0,0,0.5,0.489,1.8,1.9,0.4,0.2,0.3,0.2,3.8,2.2,4.2,8.9,120.5,109.4
,Cody Martin,Ind,*,F,30.5,4,13.8,12.8,28.1,6,0.5,5,0.4,5,0,0.2,0.277,1.8,3.5,0.5,1,0.5,1,5.3,2.3,5.8,4.2,55,107.8
,Orlando Robinson,Orl,*,C,25.8,4,6.2,8.5,0,0,0,3,0.667,2,0.5,0.7,0.7,1.8,1,0.8,0.3,0,0,2.8,2.5,3.5,7.3,167.3,106.2
,Bobi Klintman,Det,*,F,23.1,12,6,20,18.2,3,0,14,0.357,13,0.308,0.407,0.388,1.8,1.6,0.5,0.3,0,0.5,3.4,2.3,3.9,7.5,83.2,96
,Isaiah Livers,Pho,*,F,27.7,36,9.7,9.9,15.7,12,0.75,24,0.417,40,0.3,0.438,0.469,1.8,1.7,0.6,0.4,0.2,0.3,3.5,2.4,4.1,5,106.8,110.2
,Jahmir Young,Mia,*,G,25.5,14,4.2,20.2,10.5,2,1,16,0.438,9,0.333,0.46,0.483,1.8,0.3,0.6,0.1,0,0.2,2.1,2.4,2.7,6.5,105.5,109.5
,Wendell Moore Jr.,Det,*,G,24.6,6,9.9,6.2,11.8,2,1,6,0.667,1,0,0.571,0.635,1.7,1,0.7,0.3,0.3,0.2,2.7,2.3,3.3,4.3,134.7,111.9
,Pacome Dadiet,Nyk,*,F,20.7,29,4.7,17.6,5.8,11,0.818,16,0.563,32,0.219,0.406,0.454,1.7,0.9,0.4,0.1,0,0.1,2.6,2.1,3,7.2,108,110.4
,Brooks Barnhizer,Okc,*,G,24.1,40,8.7,10.6,12.3,10,0.7,47,0.426,24,0.292,0.43,0.451,1.7,2,0.6,0.3,0.1,0.3,3.7,2.3,4.2,5.8,105.8,103.1
,Jacob Toppin,Atl,*,F,25.9,5,3.4,14.8,0,0,0,6,0.667,0,0,0.667,0.667,1.6,0.4,0.2,0,0.2,0,2,1.8,2.2,5.9,0,0
,Harrison Ingram,San,*,F,23.4,7,3.7,11.3,14.3,0,0,5,0.8,1,1,0.917,0.917,1.6,0.4,0.1,0,0,0.1,2,1.7,2.1,4.3,0,0
,Dalano Banton,Bos,*,F,26.4,4,13,14,45.3,4,1,7,0.143,1,0,0.125,0.307,1.5,1,2.3,0.3,1.3,1.8,2.5,3.8,4.8,4.6,69.6,113.8
,Buddy Boeheim,Okc,*,F,26.4,4,3.8,17.3,0,0,0,0,0,6,0.333,0.5,0.5,1.5,0,0,0,0,0,1.5,1.5,1.5,0,0,0
,Isaac Jones,Det,*,F,25.8,4,4.7,15.2,15.5,2,1,4,0.5,1,0,0.4,0.51,1.5,0.8,0,0,0.3,0.3,2.3,1.5,2.3,0,93.9,116.8
,Joe Ingles,Min,*,F-G,38.5,27,5.7,11.6,33.8,2,1,11,0.818,16,0.438,0.722,0.735,1.5,0.7,1.3,0.3,0.1,0.5,2.2,2.8,3.5,7.8,120.3,110.7
,Jonathan Mogbo,Tor,*,F,24.5,40,6.2,11.1,24,14,0.643,43,0.605,1,0,0.591,0.608,1.5,1.7,0.6,0.3,0.2,0.4,3.2,2.2,3.9,7.4,119.2,103.4
,Amari Williams,Bos,*,F-C,24.2,22,6.6,11.1,35.1,14,0.714,20,0.5,0,0,0.5,0.573,1.4,1.8,0.5,0.1,0.5,0.5,3.2,1.8,3.6,6.5,104.1,99.6
,Thanasis Antetokounmpo,Mil,*,F,33.7,34,4.4,16.5,23.7,30,0.567,28,0.536,4,0,0.469,0.52,1.4,0.9,0.4,0.4,0.2,0.3,2.3,1.8,2.7,7.2,109.4,106.8
,Colin Castleton,Orl,*,C,25.9,4,5.4,14.7,26.9,1,1,5,0.4,0,0,0.4,0.46,1.3,2,0.3,0.3,0,0.5,3.3,1.5,3.5,6.8,88.6,103.1
,Dillon Jones,Nyk,*,F,24.5,7,5.6,11.7,0,4,1,4,0.25,5,0.2,0.278,0.418,1.3,1,0.6,0.4,0,0,2.3,1.9,2.9,6.6,123.1,97.4
,TyTy Washington Jr.,Lac,*,G,24.4,16,5.5,11.1,13.6,0,0,11,0.545,8,0.375,0.553,0.553,1.3,0.4,1.1,0.4,0.2,0.2,1.7,2.4,2.8,6,125.6,111.8
,Nigel Hayes-Davis,Pho,*,F,31.3,27,7.2,12.1,14.8,4,0.5,30,0.433,16,0.125,0.348,0.356,1.3,1.2,0.3,0.3,0.1,0.3,2.5,1.5,2.7,4.3,83.7,110.3
,KJ Simpson,Den,*,G,23.7,6,5.8,14.9,8.9,2,0.5,9,0.333,1,0,0.3,0.322,1.2,1.3,1.3,0.2,0,0.2,2.5,2.5,3.8,8.7,111.9,108.5
,Javonte Cooke,Por,*,G,26.8,19,4.9,22.1,17.8,2,1,18,0.333,23,0.13,0.256,0.275,1.2,1,0.4,0.3,0,0.5,2.2,1.6,2.6,6.4,63.5,109.5
,Kyle Lowry,Phi,*,G,40.1,14,8.4,11.3,13.6,6,0.833,0,0,25,0.16,0.24,0.308,1.2,0.6,0.8,0.1,0.1,0.3,1.9,2,2.6,4,77.4,115.4
,Trevor Keels,Mia,*,G,22.6,8,1.9,32.6,0,0,0,3,0.333,9,0.222,0.333,0.333,1,0.3,0,0.1,0,0,1.3,1,1.3,0,0,0
,Stanley Umude,San,*,G,27,2,3.3,12.8,0,0,0,1,1,1,0,0.5,0.5,1,0,0.5,0.5,0,0,1,1.5,1.5,0,0,0
,Hunter Sallis,Phi,*,G,23,7,3.7,17.9,48.9,2,0.5,5,0.6,0,0,0.6,0.595,1,0.1,0.6,0,0.1,0.7,1.1,1.6,1.7,4.2,0,0
,Isaac Jones,Sac,,F,25.8,3,5.6,7.2,0,2,0.5,1,1,1,0,0.5,0.521,1,0.7,0.3,0,0,0,1.7,1.3,2,4.2,145.2,105
,Dario Saric,Sac,*,F-C,32,5,8.3,9.1,23.7,2,1,3,0,3,0.333,0.25,0.363,1,1.2,0.4,0,0,0.4,2.2,1.4,2.6,3.8,78.2,119.7
,Trey Jemison,Nyk,*,C,26.4,13,6.3,10.7,48.9,1,1,10,0.6,0,0,0.6,0.623,1,1.4,0.4,0.1,0.2,0.8,2.4,1.4,2.8,5.2,87.8,103.6
,Johni Broome,Phi,*,F,23.7,11,5,22.8,11.1,6,0.333,19,0.211,5,0,0.167,0.188,0.9,1.5,0.4,0.3,0.2,0.3,2.4,1.3,2.7,6.5,62,103.8
,Bismack Biyombo,San,*,C,33.6,25,5.7,7.8,34.3,7,0.714,15,0.6,0,0,0.6,0.636,0.9,1,0.2,0.2,0.1,0.3,2,1.1,2.2,4,101.8,94.6
,Markelle Fultz,Tor,*,G,27.9,5,7.2,18,26.7,0,0,11,0.182,0,0,0.182,0.182,0.8,0.2,1.6,0.4,0,0.8,1,2.4,2.6,3.5,56.9,113.7
,Mason Plumlee,San,*,F-C,36.1,6,7.8,5.3,57.5,2,0.5,2,1,0,0,1,0.868,0.8,2.2,0.7,0.7,0,0.5,3,1.5,3.7,5.5,138.7,96.3
,Xavier Tillman,Cha,*,F,27.2,16,4.5,11.5,16.6,4,0.25,12,0.5,3,0,0.4,0.388,0.8,1.1,0.5,0.2,0.2,0.2,1.9,1.3,2.4,6.8,108.5,108.3
,Vladislav Goldin,Mia,*,C,24.9,9,2.7,12.6,40.3,1,1,4,0.75,0,0,0.75,0.788,0.8,1,0.3,0,0.3,0.3,1.8,1.1,2.1,9.2,0,0
,Drew Peterson,Cha,*,F,26.4,6,10.7,11.1,0,2,0.5,4,0.5,12,0,0.125,0.148,0.8,1.5,0.3,0.5,0.2,0,2.3,1.2,2.7,2.7,58.2,113
,Garrett Temple,Tor,*,G-F,39.9,22,3.3,15.3,31.4,9,0.667,3,0.333,12,0.25,0.367,0.448,0.8,0.4,0.4,0.2,0.1,0.3,1.2,1.2,1.6,6.1,0,0
,Chris Manon,Lal,*,G,24.3,9,5.1,8.3,13.6,4,0.75,3,0.667,3,0,0.333,0.451,0.8,1.1,0.3,0.6,0.2,0.1,1.9,1.1,2.2,5,112.4,99.9
,N'Faly Dante,Atl,*,C,24.5,4,3.9,14.7,18.4,1,1,4,0.25,0,0,0.25,0.338,0.8,1.8,0,0.5,0,0.3,2.5,0.8,2.5,0,0,0
,Max Shulga,Bos,*,G,23.8,11,3.3,14.2,26.2,2,1,4,0.25,4,0.25,0.313,0.394,0.6,0.5,0.2,0.1,0,0.3,1.2,0.8,1.4,4.7,0,0
,Jahmyl Telfort,Lac,*,G,25,8,4,9.4,19.6,4,0.25,0,0,4,0,0,0.087,0.1,0.4,0.1,0.1,0,0.1,0.5,0.3,0.6,1.6,26.5,104.1
,Darius Brown,Cle,*,G,26.7,1,2.7,15.6,0,0,0,1,0,0,0,0,0,0,1,0,0,0,0,1,0,1,0,0,0
,Patrick Baldwin Jr.,Phi,,F,23.4,1,2.3,0,0,0,0,0,0,0,0,0,0,0,1,0,0,0,0,1,0,1,0,0,0
,Mo Bamba,Tor,,C,27.9,2,3,14.6,0,0,0,2,0,0,0,0,0,0,1,0,0,0.5,0,1,0,1,0,0,0
,RayJ Dennis,Lac,,G,25,1,3.5,12.7,100,0,0,0,0,0,0,0,0,0,2,0,0,0,1,2,0,2,0,0,0
,Chucky Hepburn,Tor,*,G,23.2,2,6.6,22.8,14.3,0,0,1,0,5,0,0,0,0,0.5,1,0.5,0,0.5,0.5,1,1.5,0,19.6,100.3
,Tosan Evbuomwan,Nyk,*,F,25.2,5,1.5,5.6,0,0,0,1,0,0,0,0,0,0,0.4,0,0,0,0,0.4,0,0.4,0,0,0
,Noa Essengue,Chi,*,F,19.3,2,3,20.8,0,0,0,1,0,2,0,0,0,0,0,0,0.5,0,0,0,0,0,0,0,0
,Christian Koloko,Lal,,C,25.8,2,3.2,0,0,0,0,0,0,0,0,0,0,0,0.5,0,0,0,0,0.5,0,0.5,0,0,0
